dataset,strategy,length_or_k,method,n_train_traces,n_test_traces,n_features,train_matrix_bytes,test_matrix_bytes,encode_time_seconds,encode_time_per_trace_ms,pretrain_time_seconds
datasets/BPI_Challenge_2017.xes,last3,100,Baseline,117,24,3,702,144,0.0059,0.0415,
datasets/BPI_Challenge_2017.xes,last3,100,OHE,117,24,51,4684,940,0.0036,0.0258,
datasets/BPI_Challenge_2017.xes,last3,100,Bigram,117,24,66,61776,12672,0.0028,0.0202,
datasets/BPI_Challenge_2017.xes,last3,100,W2V,117,24,48,22464,4608,0.0004,0.0031,0.0291
datasets/BPI_Challenge_2017.xes,last3,100,D2V,117,24,64,29952,6144,0.0523,0.3711,13.3454
datasets/BPI_Challenge_2017.xes,last3,100,BERT,117,24,128,59904,12288,0.1227,0.8699,10.3699
datasets/BPI_Challenge_2017.xes,last3,100,ACF,117,24,8110,7590960,1557120,0.0029,0.0205,0.9793
datasets/BPI_Challenge_2017.xes,last5,100,Baseline,117,24,5,1170,240,0.0073,0.0521,
datasets/BPI_Challenge_2017.xes,last5,100,OHE,117,24,86,7492,1492,0.005,0.0354,
datasets/BPI_Challenge_2017.xes,last5,100,Bigram,117,24,80,74880,15360,0.0063,0.0444,
datasets/BPI_Challenge_2017.xes,last5,100,W2V,117,24,48,22464,4608,0.0007,0.0051,0.0061
datasets/BPI_Challenge_2017.xes,last5,100,D2V,117,24,64,29952,6144,0.0983,0.6969,20.7317
datasets/BPI_Challenge_2017.xes,last5,100,BERT,117,24,128,59904,12288,0.2283,1.6192,11.766
datasets/BPI_Challenge_2017.xes,last5,100,ACF,117,24,8110,7590960,1557120,0.0108,0.0768,2.1466
datasets/BPI_Challenge_2017.xes,last10,100,Baseline,117,24,10,2340,480,0.0087,0.062,
datasets/BPI_Challenge_2017.xes,last10,100,OHE,117,24,170,14512,2884,0.0062,0.0442,
datasets/BPI_Challenge_2017.xes,last10,100,Bigram,117,24,92,86112,17664,0.0056,0.0397,
datasets/BPI_Challenge_2017.xes,last10,100,W2V,117,24,48,22464,4608,0.0005,0.0038,0.0072
datasets/BPI_Challenge_2017.xes,last10,100,D2V,117,24,64,29952,6144,0.0837,0.5939,33.2242
datasets/BPI_Challenge_2017.xes,last10,100,BERT,117,24,128,59904,12288,0.1857,1.3169,10.3162
datasets/BPI_Challenge_2017.xes,last10,100,ACF,117,24,8110,7590960,1557120,0.0135,0.0956,1.8428
datasets/BPI_Challenge_2017.xes,last20,100,Baseline,117,24,20,4680,960,0.0155,0.1097,
datasets/BPI_Challenge_2017.xes,last20,100,OHE,117,24,355,28552,5656,0.0069,0.0492,
datasets/BPI_Challenge_2017.xes,last20,100,Bigram,117,24,117,109512,22464,0.0055,0.0388,
datasets/BPI_Challenge_2017.xes,last20,100,W2V,117,24,48,22464,4608,0.0004,0.003,0.0091
datasets/BPI_Challenge_2017.xes,last20,100,D2V,117,24,64,29952,6144,0.0668,0.4734,12.964
datasets/BPI_Challenge_2017.xes,last20,100,BERT,117,24,128,59904,12288,0.1412,1.0016,14.1369
datasets/BPI_Challenge_2017.xes,last20,100,ACF,117,24,8110,7590960,1557120,0.01,0.0711,1.2547
datasets/BPI_Challenge_2017.xes,last3,150,Baseline,116,22,3,696,132,0.0035,0.0256,
datasets/BPI_Challenge_2017.xes,last3,150,OHE,116,22,50,4644,872,0.0032,0.0235,
datasets/BPI_Challenge_2017.xes,last3,150,Bigram,116,22,60,55680,10560,0.0034,0.0247,
datasets/BPI_Challenge_2017.xes,last3,150,W2V,116,22,48,22272,4224,0.0005,0.0035,0.0059
datasets/BPI_Challenge_2017.xes,last3,150,D2V,116,22,64,29696,5632,0.0732,0.5305,15.9517
datasets/BPI_Challenge_2017.xes,last3,150,BERT,116,22,128,59392,11264,0.1797,1.3025,9.3227
datasets/BPI_Challenge_2017.xes,last3,150,ACF,116,22,8110,7526080,1427360,0.0065,0.0471,1.5254
datasets/BPI_Challenge_2017.xes,last5,150,Baseline,116,22,5,1160,220,0.0055,0.0395,
datasets/BPI_Challenge_2017.xes,last5,150,OHE,116,22,87,7428,1400,0.0045,0.0328,
datasets/BPI_Challenge_2017.xes,last5,150,Bigram,116,22,77,71456,13552,0.0048,0.0349,
datasets/BPI_Challenge_2017.xes,last5,150,W2V,116,22,48,22272,4224,0.0005,0.0039,0.007
datasets/BPI_Challenge_2017.xes,last5,150,D2V,116,22,64,29696,5632,0.0763,0.5532,123.3549
datasets/BPI_Challenge_2017.xes,last5,150,BERT,116,22,128,59392,11264,0.1843,1.3356,8.727
datasets/BPI_Challenge_2017.xes,last5,150,ACF,116,22,8110,7526080,1427360,0.0081,0.0589,1.6015
datasets/BPI_Challenge_2017.xes,last10,150,Baseline,116,22,10,2320,440,0.0079,0.0571,
datasets/BPI_Challenge_2017.xes,last10,150,OHE,116,22,183,14388,2672,0.0056,0.0407,
datasets/BPI_Challenge_2017.xes,last10,150,Bigram,116,22,98,90944,17248,0.0065,0.047,
datasets/BPI_Challenge_2017.xes,last10,150,W2V,116,22,48,22272,4224,0.0005,0.0039,0.0069
datasets/BPI_Challenge_2017.xes,last10,150,D2V,116,22,64,29696,5632,0.0919,0.6657,13.7489
datasets/BPI_Challenge_2017.xes,last10,150,BERT,116,22,128,59392,11264,0.1838,1.3317,10.1518
datasets/BPI_Challenge_2017.xes,last10,150,ACF,116,22,8110,7526080,1427360,0.0149,0.1083,1.4863
datasets/BPI_Challenge_2017.xes,last20,150,Baseline,116,22,20,4640,880,0.0089,0.0645,
datasets/BPI_Challenge_2017.xes,last20,150,OHE,116,22,355,28308,5216,0.006,0.0437,
datasets/BPI_Challenge_2017.xes,last20,150,Bigram,116,22,112,103936,19712,0.0048,0.0345,
datasets/BPI_Challenge_2017.xes,last20,150,W2V,116,22,48,22272,4224,0.0004,0.0026,0.0096
datasets/BPI_Challenge_2017.xes,last20,150,D2V,116,22,64,29696,5632,0.0636,0.4605,6.4994
datasets/BPI_Challenge_2017.xes,last20,150,BERT,116,22,128,59392,11264,0.1217,0.8819,3.1749
datasets/BPI_Challenge_2017.xes,last20,150,ACF,116,22,8110,7526080,1427360,0.0087,0.0633,0.7472
datasets/BPI_Challenge_2017.xes,last3,200,Baseline,116,22,3,696,132,0.0023,0.0164,
datasets/BPI_Challenge_2017.xes,last3,200,OHE,116,22,50,4644,848,0.0017,0.0121,
datasets/BPI_Challenge_2017.xes,last3,200,Bigram,116,22,69,64032,12144,0.0026,0.0188,
datasets/BPI_Challenge_2017.xes,last3,200,W2V,116,22,48,22272,4224,0.0003,0.0024,0.0054
datasets/BPI_Challenge_2017.xes,last3,200,D2V,116,22,64,29696,5632,0.0498,0.3605,6.0843
datasets/BPI_Challenge_2017.xes,last3,200,BERT,116,22,128,59392,11264,0.1177,0.8526,407.3077
datasets/BPI_Challenge_2017.xes,last3,200,ACF,116,22,8110,7526080,1427360,0.0029,0.0211,0.7837
datasets/BPI_Challenge_2017.xes,last5,200,Baseline,116,22,5,1160,220,0.0045,0.0329,
datasets/BPI_Challenge_2017.xes,last5,200,OHE,116,22,85,7428,1364,0.0037,0.0265,
datasets/BPI_Challenge_2017.xes,last5,200,Bigram,116,22,82,76096,14432,0.0056,0.0405,
datasets/BPI_Challenge_2017.xes,last5,200,W2V,116,22,48,22272,4224,0.0006,0.0045,0.0057
datasets/BPI_Challenge_2017.xes,last5,200,D2V,116,22,64,29696,5632,0.084,0.609,13.4469
datasets/BPI_Challenge_2017.xes,last5,200,BERT,116,22,128,59392,11264,0.192,1.3914,9.0187
datasets/BPI_Challenge_2017.xes,last5,200,ACF,116,22,8110,7526080,1427360,0.0082,0.0595,1.4699
datasets/BPI_Challenge_2017.xes,last10,200,Baseline,116,22,10,2320,440,0.0051,0.0373,
datasets/BPI_Challenge_2017.xes,last10,200,OHE,116,22,177,14388,2672,0.0036,0.0263,
datasets/BPI_Challenge_2017.xes,last10,200,Bigram,116,22,96,89088,16896,0.0039,0.0283,
datasets/BPI_Challenge_2017.xes,last10,200,W2V,116,22,48,22272,4224,0.0004,0.0026,0.0076
datasets/BPI_Challenge_2017.xes,last10,200,D2V,116,22,64,29696,5632,0.0561,0.4069,12.854
datasets/BPI_Challenge_2017.xes,last10,200,BERT,116,22,128,59392,11264,0.1182,0.8563,47.6815
datasets/BPI_Challenge_2017.xes,last10,200,ACF,116,22,8110,7526080,1427360,0.0056,0.0407,0.8262
datasets/BPI_Challenge_2017.xes,last20,200,Baseline,116,22,20,4640,880,0.0144,0.1044,
datasets/BPI_Challenge_2017.xes,last20,200,OHE,116,22,359,28308,5240,0.0103,0.0743,
datasets/BPI_Challenge_2017.xes,last20,200,Bigram,116,22,121,112288,21296,0.0085,0.0614,
datasets/BPI_Challenge_2017.xes,last20,200,W2V,116,22,48,22272,4224,0.0007,0.0048,0.0085
datasets/BPI_Challenge_2017.xes,last20,200,D2V,116,22,64,29696,5632,0.1063,0.7703,13.6856
datasets/BPI_Challenge_2017.xes,last20,200,BERT,116,22,128,59392,11264,0.1821,1.3199,9.1073
datasets/BPI_Challenge_2017.xes,last20,200,ACF,116,22,8110,7526080,1427360,0.0212,0.1539,1.4572
datasets/BPI_Challenge_2017.xes,last3,400,Baseline,113,22,3,678,132,0.0026,0.0195,
datasets/BPI_Challenge_2017.xes,last3,400,OHE,113,22,51,4524,872,0.0036,0.0265,
datasets/BPI_Challenge_2017.xes,last3,400,Bigram,113,22,60,54240,10560,0.0025,0.0184,
datasets/BPI_Challenge_2017.xes,last3,400,W2V,113,22,48,21696,4224,0.0004,0.0026,0.0058
datasets/BPI_Challenge_2017.xes,last3,400,D2V,113,22,64,28928,5632,0.0619,0.4583,12.8284
datasets/BPI_Challenge_2017.xes,last3,400,BERT,113,22,128,57856,11264,0.1338,0.9914,1052.2936
datasets/BPI_Challenge_2017.xes,last3,400,ACF,113,22,8110,7331440,1427360,0.0027,0.0202,0.9305
datasets/BPI_Challenge_2017.xes,last5,400,Baseline,113,22,5,1130,220,0.003,0.0224,
datasets/BPI_Challenge_2017.xes,last5,400,OHE,113,22,88,7236,1400,0.0026,0.0192,
datasets/BPI_Challenge_2017.xes,last5,400,Bigram,113,22,74,66896,13024,0.0029,0.0212,
datasets/BPI_Challenge_2017.xes,last5,400,W2V,113,22,48,21696,4224,0.0003,0.0024,0.0059
datasets/BPI_Challenge_2017.xes,last5,400,D2V,113,22,64,28928,5632,0.0509,0.377,988.2423
datasets/BPI_Challenge_2017.xes,last5,400,BERT,113,22,128,57856,11264,0.1216,0.9009,88.3246
datasets/BPI_Challenge_2017.xes,last5,400,ACF,113,22,8110,7331440,1427360,0.0044,0.0329,0.7676
datasets/BPI_Challenge_2017.xes,last10,400,Baseline,113,22,10,2260,440,0.008,0.0589,
datasets/BPI_Challenge_2017.xes,last10,400,OHE,113,22,184,14016,2672,0.0055,0.0408,
datasets/BPI_Challenge_2017.xes,last10,400,Bigram,113,22,103,93112,18128,0.0056,0.0415,
datasets/BPI_Challenge_2017.xes,last10,400,W2V,113,22,48,21696,4224,0.0005,0.0034,0.0227
datasets/BPI_Challenge_2017.xes,last10,400,D2V,113,22,64,28928,5632,0.0724,0.5366,22.5086
datasets/BPI_Challenge_2017.xes,last10,400,BERT,113,22,128,57856,11264,0.1688,1.2504,9.3522
datasets/BPI_Challenge_2017.xes,last10,400,ACF,113,22,8110,7331440,1427360,0.0094,0.0695,1.7704
datasets/BPI_Challenge_2017.xes,last20,400,Baseline,113,22,20,4520,880,0.0131,0.0968,
datasets/BPI_Challenge_2017.xes,last20,400,OHE,113,22,361,27576,5192,0.0097,0.0719,
datasets/BPI_Challenge_2017.xes,last20,400,Bigram,113,22,118,106672,20768,0.0065,0.0478,
datasets/BPI_Challenge_2017.xes,last20,400,W2V,113,22,48,21696,4224,0.0005,0.0035,0.0102
datasets/BPI_Challenge_2017.xes,last20,400,D2V,113,22,64,28928,5632,0.0829,0.6143,12.8389
datasets/BPI_Challenge_2017.xes,last20,400,BERT,113,22,128,57856,11264,0.1553,1.1503,9.813
datasets/BPI_Challenge_2017.xes,last20,400,ACF,113,22,8110,7331440,1427360,0.0174,0.1287,1.9051
datasets/BPI_Challenge_2017.xes,last3,600,Baseline,110,21,3,660,126,0.0029,0.0223,
datasets/BPI_Challenge_2017.xes,last3,600,OHE,110,21,53,4404,844,0.0028,0.0216,
datasets/BPI_Challenge_2017.xes,last3,600,Bigram,110,21,63,55440,10584,0.0034,0.0261,
datasets/BPI_Challenge_2017.xes,last3,600,W2V,110,21,48,21120,4032,0.0005,0.0035,0.0061
datasets/BPI_Challenge_2017.xes,last3,600,D2V,110,21,64,28160,5376,0.069,0.5265,12.892
datasets/BPI_Challenge_2017.xes,last3,600,BERT,110,21,128,56320,10752,0.1637,1.2494,8.8275
datasets/BPI_Challenge_2017.xes,last3,600,ACF,110,21,8110,7136800,1362480,0.0052,0.0394,1.5127
datasets/BPI_Challenge_2017.xes,last5,600,Baseline,110,21,5,1100,210,0.0039,0.0301,
datasets/BPI_Challenge_2017.xes,last5,600,OHE,110,21,87,7044,1348,0.0036,0.0274,
datasets/BPI_Challenge_2017.xes,last5,600,Bigram,110,21,73,64240,12264,0.0041,0.031,
datasets/BPI_Challenge_2017.xes,last5,600,W2V,110,21,48,21120,4032,0.0005,0.0035,0.0056
datasets/BPI_Challenge_2017.xes,last5,600,D2V,110,21,64,28160,5376,0.072,0.5498,12.6349
datasets/BPI_Challenge_2017.xes,last5,600,BERT,110,21,128,56320,10752,0.1589,1.2129,9.0737
datasets/BPI_Challenge_2017.xes,last5,600,ACF,110,21,8110,7136800,1362480,0.0067,0.051,1.5246
datasets/BPI_Challenge_2017.xes,last10,600,Baseline,110,21,10,2200,420,0.0067,0.0514,
datasets/BPI_Challenge_2017.xes,last10,600,OHE,110,21,175,13644,2572,0.006,0.046,
datasets/BPI_Challenge_2017.xes,last10,600,Bigram,110,21,94,82720,15792,0.004,0.0306,
datasets/BPI_Challenge_2017.xes,last10,600,W2V,110,21,48,21120,4032,0.0004,0.0029,0.0069
datasets/BPI_Challenge_2017.xes,last10,600,D2V,110,21,64,28160,5376,0.0559,0.4269,12.616
datasets/BPI_Challenge_2017.xes,last10,600,BERT,110,21,128,56320,10752,0.1619,1.2359,7.3296
datasets/BPI_Challenge_2017.xes,last10,600,ACF,110,21,8110,7136800,1362480,0.0058,0.044,1025.0007
datasets/BPI_Challenge_2017.xes,last20,600,Baseline,110,21,20,4400,840,0.0204,0.1561,
datasets/BPI_Challenge_2017.xes,last20,600,OHE,110,21,360,26844,5056,0.0068,0.0521,
datasets/BPI_Challenge_2017.xes,last20,600,Bigram,110,21,118,103840,19824,0.0051,0.0387,
datasets/BPI_Challenge_2017.xes,last20,600,W2V,110,21,48,21120,4032,0.0004,0.0031,0.0131
datasets/BPI_Challenge_2017.xes,last20,600,D2V,110,21,64,28160,5376,0.0617,0.4712,914.5472
datasets/BPI_Challenge_2017.xes,last20,600,BERT,110,21,128,56320,10752,0.125,0.9538,936.8769
datasets/BPI_Challenge_2017.xes,last20,600,ACF,110,21,8110,7136800,1362480,0.0082,0.0627,1.0464
datasets/BPI_Challenge_2017.xes,last3,800,Baseline,106,21,3,636,126,0.0067,0.0525,
datasets/BPI_Challenge_2017.xes,last3,800,OHE,106,21,54,4244,784,0.0056,0.0442,
datasets/BPI_Challenge_2017.xes,last3,800,Bigram,106,21,60,50880,10080,0.005,0.0391,
datasets/BPI_Challenge_2017.xes,last3,800,W2V,106,21,48,20352,8064,0.001,0.0079,0.0056
datasets/BPI_Challenge_2017.xes,last3,800,D2V,106,21,64,27136,5376,0.0975,0.7674,10.7548
datasets/BPI_Challenge_2017.xes,last3,800,BERT,106,21,128,54272,10752,0.2908,2.2901,9.9689
datasets/BPI_Challenge_2017.xes,last3,800,ACF,106,21,8110,6877280,1362480,0.0087,0.0682,1.7883
datasets/BPI_Challenge_2017.xes,last5,800,Baseline,106,21,5,1060,210,0.0047,0.0372,
datasets/BPI_Challenge_2017.xes,last5,800,OHE,106,21,90,6788,1288,0.0031,0.0241,
datasets/BPI_Challenge_2017.xes,last5,800,Bigram,106,21,75,63600,12600,0.0028,0.0217,
datasets/BPI_Challenge_2017.xes,last5,800,W2V,106,21,48,20352,8064,0.0004,0.0033,0.0061
datasets/BPI_Challenge_2017.xes,last5,800,D2V,106,21,64,27136,5376,0.0492,0.3871,13.534
datasets/BPI_Challenge_2017.xes,last5,800,BERT,106,21,128,54272,10752,0.1331,1.0478,7.1458
datasets/BPI_Challenge_2017.xes,last5,800,ACF,106,21,8110,6877280,1362480,0.0032,0.0256,1054.1529
datasets/BPI_Challenge_2017.xes,last10,800,Baseline,106,21,10,2120,420,0.0224,0.176,
datasets/BPI_Challenge_2017.xes,last10,800,OHE,106,21,182,13148,2512,0.0167,0.1314,
datasets/BPI_Challenge_2017.xes,last10,800,Bigram,106,21,99,83952,16632,0.0208,0.164,
datasets/BPI_Challenge_2017.xes,last10,800,W2V,106,21,48,20352,8064,0.0017,0.0131,0.0069
datasets/BPI_Challenge_2017.xes,last10,800,D2V,106,21,64,27136,5376,0.3423,2.6952,907.5785
datasets/BPI_Challenge_2017.xes,last10,800,BERT,106,21,128,54272,10752,0.5709,4.4955,14.2421
datasets/BPI_Challenge_2017.xes,last10,800,ACF,106,21,8110,6877280,1362480,0.0248,0.1951,3.1783
datasets/BPI_Challenge_2017.xes,last20,800,Baseline,106,21,20,4240,840,0.0134,0.1051,
datasets/BPI_Challenge_2017.xes,last20,800,OHE,106,21,368,25868,5020,0.0091,0.0716,
datasets/BPI_Challenge_2017.xes,last20,800,Bigram,106,21,119,100912,19992,0.0068,0.0537,
datasets/BPI_Challenge_2017.xes,last20,800,W2V,106,21,48,20352,4032,0.0009,0.0073,0.0172
datasets/BPI_Challenge_2017.xes,last20,800,D2V,106,21,64,27136,5376,0.0866,0.6821,14.8012
datasets/BPI_Challenge_2017.xes,last20,800,BERT,106,21,128,54272,10752,0.1551,1.2214,9.3134
datasets/BPI_Challenge_2017.xes,last20,800,ACF,106,21,8110,6877280,1362480,0.0169,0.1333,1.5457
datasets/BPI_Challenge_2017.xes,last3,1000,Baseline,103,21,3,618,126,0.0031,0.025,
datasets/BPI_Challenge_2017.xes,last3,1000,OHE,103,21,51,4124,844,0.0029,0.0237,
datasets/BPI_Challenge_2017.xes,last3,1000,Bigram,103,21,68,56032,11424,0.0035,0.0283,
datasets/BPI_Challenge_2017.xes,last3,1000,W2V,103,21,48,19776,4032,0.0004,0.0035,0.0059
datasets/BPI_Challenge_2017.xes,last3,1000,D2V,103,21,64,26368,5376,0.065,0.524,12.3776
datasets/BPI_Challenge_2017.xes,last3,1000,BERT,103,21,128,52736,10752,0.147,1.1851,9.2494
datasets/BPI_Challenge_2017.xes,last3,1000,ACF,103,21,8110,6682640,1362480,0.0052,0.0416,1.5134
datasets/BPI_Challenge_2017.xes,last5,1000,Baseline,103,21,5,1030,210,0.0043,0.0347,
datasets/BPI_Challenge_2017.xes,last5,1000,OHE,103,21,85,6596,1336,0.0036,0.0287,
datasets/BPI_Challenge_2017.xes,last5,1000,Bigram,103,21,73,60152,12264,0.0039,0.0313,
datasets/BPI_Challenge_2017.xes,last5,1000,W2V,103,21,48,19776,4032,0.0005,0.0036,0.0062
datasets/BPI_Challenge_2017.xes,last5,1000,D2V,103,21,64,26368,5376,0.0676,0.5451,12.5253
datasets/BPI_Challenge_2017.xes,last5,1000,BERT,103,21,128,52736,10752,0.1511,1.2182,10.0069
datasets/BPI_Challenge_2017.xes,last5,1000,ACF,103,21,8110,6682640,1362480,0.0062,0.0501,1.6952
datasets/BPI_Challenge_2017.xes,last10,1000,Baseline,103,21,10,2060,420,0.0082,0.0665,
datasets/BPI_Challenge_2017.xes,last10,1000,OHE,103,21,176,12776,2584,0.0051,0.0409,
datasets/BPI_Challenge_2017.xes,last10,1000,Bigram,103,21,96,79104,16128,0.0063,0.0508,
datasets/BPI_Challenge_2017.xes,last10,1000,W2V,103,21,48,19776,4032,0.0004,0.0032,0.0066
datasets/BPI_Challenge_2017.xes,last10,1000,D2V,103,21,64,26368,5376,0.0578,0.4661,12.4199
datasets/BPI_Challenge_2017.xes,last10,1000,BERT,103,21,128,52736,10752,0.1177,0.9494,1032.6704
datasets/BPI_Challenge_2017.xes,last10,1000,ACF,103,21,8110,6682640,1362480,0.0076,0.0616,0.9051
datasets/BPI_Challenge_2017.xes,last20,1000,Baseline,103,21,20,4120,840,0.0173,0.1395,
datasets/BPI_Challenge_2017.xes,last20,1000,OHE,103,21,350,25136,5032,0.0115,0.0928,
datasets/BPI_Challenge_2017.xes,last20,1000,Bigram,103,21,114,93936,19152,0.0088,0.0708,
datasets/BPI_Challenge_2017.xes,last20,1000,W2V,103,21,48,19776,4032,0.0006,0.005,0.0084
datasets/BPI_Challenge_2017.xes,last20,1000,D2V,103,21,64,26368,5376,0.1075,0.8671,172.5526
datasets/BPI_Challenge_2017.xes,last20,1000,BERT,103,21,128,52736,10752,0.213,1.7175,10.4151
datasets/BPI_Challenge_2017.xes,last20,1000,ACF,103,21,8110,6682640,1362480,0.0243,0.196,1.5046
datasets/BPI_Challenge_2017.xes,last3,1200,Baseline,100,21,3,600,126,0.0034,0.0279,
datasets/BPI_Challenge_2017.xes,last3,1200,OHE,100,21,56,4004,832,0.0029,0.0236,
datasets/BPI_Challenge_2017.xes,last3,1200,Bigram,100,21,67,53600,11256,0.0034,0.0279,
datasets/BPI_Challenge_2017.xes,last3,1200,W2V,100,21,48,19200,4032,0.0004,0.0035,0.0068
datasets/BPI_Challenge_2017.xes,last3,1200,D2V,100,21,64,25600,5376,0.0632,0.5224,13.896
datasets/BPI_Challenge_2017.xes,last3,1200,BERT,100,21,128,51200,10752,0.1515,1.2517,8.9825
datasets/BPI_Challenge_2017.xes,last3,1200,ACF,100,21,8110,6488000,1362480,0.0046,0.0379,1.4859
datasets/BPI_Challenge_2017.xes,last5,1200,Baseline,100,21,5,1000,210,0.0048,0.0399,
datasets/BPI_Challenge_2017.xes,last5,1200,OHE,100,21,90,6404,1336,0.0035,0.029,
datasets/BPI_Challenge_2017.xes,last5,1200,Bigram,100,21,74,59200,12432,0.0036,0.0294,
datasets/BPI_Challenge_2017.xes,last5,1200,W2V,100,21,48,19200,4032,0.0004,0.0033,0.0056
datasets/BPI_Challenge_2017.xes,last5,1200,D2V,100,21,64,25600,5376,0.0597,0.4936,291.0547
datasets/BPI_Challenge_2017.xes,last5,1200,BERT,100,21,128,51200,10752,0.1449,1.1973,9.9835
datasets/BPI_Challenge_2017.xes,last5,1200,ACF,100,21,8110,6488000,1362480,0.0054,0.0447,1.8477
datasets/BPI_Challenge_2017.xes,last10,1200,Baseline,100,21,10,2000,420,0.0057,0.0469,
datasets/BPI_Challenge_2017.xes,last10,1200,OHE,100,21,174,12404,2536,0.0039,0.0321,
datasets/BPI_Challenge_2017.xes,last10,1200,Bigram,100,21,89,71200,14952,0.0034,0.028,
datasets/BPI_Challenge_2017.xes,last10,1200,W2V,100,21,48,19200,4032,0.0003,0.0029,0.0072
datasets/BPI_Challenge_2017.xes,last10,1200,D2V,100,21,64,25600,5376,0.05,0.413,13.4055
datasets/BPI_Challenge_2017.xes,last10,1200,BERT,100,21,128,51200,10752,0.1097,0.9066,8.8075
datasets/BPI_Challenge_2017.xes,last10,1200,ACF,100,21,8110,6488000,1362480,0.0049,0.0404,0.9794
datasets/BPI_Challenge_2017.xes,last20,1200,Baseline,100,21,20,4000,840,0.0616,0.5092,
datasets/BPI_Challenge_2017.xes,last20,1200,OHE,100,21,344,24404,4936,0.0099,0.0818,
datasets/BPI_Challenge_2017.xes,last20,1200,Bigram,100,21,105,84000,17640,0.0043,0.0358,
datasets/BPI_Challenge_2017.xes,last20,1200,W2V,100,21,48,19200,4032,0.0004,0.0033,0.0089
datasets/BPI_Challenge_2017.xes,last20,1200,D2V,100,21,64,25600,5376,0.0607,0.5019,1066.418
datasets/BPI_Challenge_2017.xes,last20,1200,BERT,100,21,128,51200,10752,0.1444,1.193,3.3477
datasets/BPI_Challenge_2017.xes,last20,1200,ACF,100,21,8110,6488000,1362480,0.0087,0.0721,904.9065
datasets/BPI_Challenge_2017.xes,last3,1400,Baseline,97,20,3,582,120,0.011,0.0938,
datasets/BPI_Challenge_2017.xes,last3,1400,OHE,97,20,49,3884,780,0.0044,0.0379,
datasets/BPI_Challenge_2017.xes,last3,1400,Bigram,97,20,57,44232,9120,0.0036,0.0307,
datasets/BPI_Challenge_2017.xes,last3,1400,W2V,97,20,48,18624,3840,0.0006,0.0049,0.0058
datasets/BPI_Challenge_2017.xes,last3,1400,D2V,97,20,64,24832,5120,0.0957,0.8183,619.7302
datasets/BPI_Challenge_2017.xes,last3,1400,BERT,97,20,128,49664,10240,0.1842,1.5742,12.8029
datasets/BPI_Challenge_2017.xes,last3,1400,ACF,97,20,8110,6293360,1297600,0.0069,0.0591,1.8676
datasets/BPI_Challenge_2017.xes,last5,1400,Baseline,97,20,5,970,200,0.0046,0.0391,
datasets/BPI_Challenge_2017.xes,last5,1400,OHE,97,20,81,6212,1248,0.0056,0.0479,
datasets/BPI_Challenge_2017.xes,last5,1400,Bigram,97,20,71,55096,11360,0.0027,0.0234,
datasets/BPI_Challenge_2017.xes,last5,1400,W2V,97,20,48,18624,3840,0.0004,0.0032,0.0087
datasets/BPI_Challenge_2017.xes,last5,1400,D2V,97,20,64,24832,5120,0.0438,0.3745,13.7489
datasets/BPI_Challenge_2017.xes,last5,1400,BERT,97,20,128,49664,10240,0.1276,1.0907,8.8831
datasets/BPI_Challenge_2017.xes,last5,1400,ACF,97,20,8110,6293360,1297600,0.0031,0.0269,0.8087
datasets/BPI_Challenge_2017.xes,last10,1400,Baseline,97,20,10,1940,400,0.0083,0.0707,
datasets/BPI_Challenge_2017.xes,last10,1400,OHE,97,20,164,12032,2424,0.005,0.0426,
datasets/BPI_Challenge_2017.xes,last10,1400,Bigram,97,20,88,68288,14080,0.0036,0.0305,
datasets/BPI_Challenge_2017.xes,last10,1400,W2V,97,20,48,18624,3840,0.0006,0.0055,0.0068
datasets/BPI_Challenge_2017.xes,last10,1400,D2V,97,20,64,24832,5120,0.0515,0.4401,910.7372
datasets/BPI_Challenge_2017.xes,last10,1400,BERT,97,20,128,49664,10240,0.1497,1.2795,1014.8196
datasets/BPI_Challenge_2017.xes,last10,1400,ACF,97,20,8110,6293360,1297600,0.0049,0.0415,1.1044
datasets/BPI_Challenge_2017.xes,last20,1400,Baseline,97,20,20,3880,800,0.0215,0.1841,
datasets/BPI_Challenge_2017.xes,last20,1400,OHE,97,20,333,23672,4776,0.0151,0.1288,
datasets/BPI_Challenge_2017.xes,last20,1400,Bigram,97,20,106,82256,16960,0.0093,0.0794,
datasets/BPI_Challenge_2017.xes,last20,1400,W2V,97,20,48,18624,3840,0.0007,0.0058,0.0079
datasets/BPI_Challenge_2017.xes,last20,1400,D2V,97,20,64,24832,5120,0.1171,1.0011,643.058
datasets/BPI_Challenge_2017.xes,last20,1400,BERT,97,20,128,49664,10240,0.2322,1.985,10.8539
datasets/BPI_Challenge_2017.xes,last20,1400,ACF,97,20,8110,6293360,1297600,0.0225,0.1927,1.9725
datasets/BPI_Challenge_2017.xes,last3,1500,Baseline,94,20,3,564,120,0.0046,0.0399,
datasets/BPI_Challenge_2017.xes,last3,1500,OHE,94,20,49,3764,696,0.0027,0.0235,
datasets/BPI_Challenge_2017.xes,last3,1500,Bigram,94,20,55,41360,8800,0.0021,0.0185,
datasets/BPI_Challenge_2017.xes,last3,1500,W2V,94,20,48,18048,7680,0.0005,0.004,0.0061
datasets/BPI_Challenge_2017.xes,last3,1500,D2V,94,20,64,24064,5120,0.0413,0.3619,12.7108
datasets/BPI_Challenge_2017.xes,last3,1500,BERT,94,20,128,48128,10240,0.128,1.1232,473.8264
datasets/BPI_Challenge_2017.xes,last3,1500,ACF,94,20,8110,6098720,1297600,0.0034,0.0296,1.2313
datasets/BPI_Challenge_2017.xes,last5,1500,Baseline,94,20,5,940,200,0.0057,0.0499,
datasets/BPI_Challenge_2017.xes,last5,1500,OHE,94,20,79,6020,1104,0.0041,0.036,
datasets/BPI_Challenge_2017.xes,last5,1500,Bigram,94,20,67,50384,10720,0.0038,0.0331,
datasets/BPI_Challenge_2017.xes,last5,1500,W2V,94,20,48,18048,3840,0.0005,0.0043,0.0058
datasets/BPI_Challenge_2017.xes,last5,1500,D2V,94,20,64,24064,5120,0.063,0.5526,13.8643
datasets/BPI_Challenge_2017.xes,last5,1500,BERT,94,20,128,48128,10240,0.144,1.2634,9.2324
datasets/BPI_Challenge_2017.xes,last5,1500,ACF,94,20,8110,6098720,1297600,0.0061,0.0536,1.5411
datasets/BPI_Challenge_2017.xes,last10,1500,Baseline,94,20,10,1880,400,0.0089,0.0779,
datasets/BPI_Challenge_2017.xes,last10,1500,OHE,94,20,160,11660,2232,0.0058,0.0509,
datasets/BPI_Challenge_2017.xes,last10,1500,Bigram,94,20,87,65424,13920,0.0046,0.0406,
datasets/BPI_Challenge_2017.xes,last10,1500,W2V,94,20,48,18048,3840,0.0005,0.004,0.0068
datasets/BPI_Challenge_2017.xes,last10,1500,D2V,94,20,64,24064,5120,0.0688,0.6035,570.793
datasets/BPI_Challenge_2017.xes,last10,1500,BERT,94,20,128,48128,10240,0.1457,1.2784,6.1749
datasets/BPI_Challenge_2017.xes,last10,1500,ACF,94,20,8110,6098720,1297600,0.0094,0.0829,1.547
datasets/BPI_Challenge_2017.xes,last20,1500,Baseline,94,20,20,3760,800,0.0137,0.1204,
datasets/BPI_Challenge_2017.xes,last20,1500,OHE,94,20,341,22940,4584,0.0084,0.0735,
datasets/BPI_Challenge_2017.xes,last20,1500,Bigram,94,20,120,90240,19200,0.0064,0.0561,
datasets/BPI_Challenge_2017.xes,last20,1500,W2V,94,20,48,18048,3840,0.0004,0.0035,0.0089
datasets/BPI_Challenge_2017.xes,last20,1500,D2V,94,20,64,24064,5120,0.0775,0.6801,12.7877
datasets/BPI_Challenge_2017.xes,last20,1500,BERT,94,20,128,48128,10240,0.1375,1.2064,9.0703
datasets/BPI_Challenge_2017.xes,last20,1500,ACF,94,20,8110,6098720,1297600,0.0151,0.132,1.5454
datasets/BPI_Challenge_2017.xes,last3,2000,Baseline,86,18,3,516,108,0.0035,0.0337,
datasets/BPI_Challenge_2017.xes,last3,2000,OHE,86,18,53,3444,724,0.003,0.0286,
datasets/BPI_Challenge_2017.xes,last3,2000,Bigram,86,18,62,42656,8928,0.002,0.0197,
datasets/BPI_Challenge_2017.xes,last3,2000,W2V,86,18,48,16512,3456,0.0003,0.003,0.0056
datasets/BPI_Challenge_2017.xes,last3,2000,D2V,86,18,64,22016,4608,0.0385,0.3702,1010.849
datasets/BPI_Challenge_2017.xes,last3,2000,BERT,86,18,128,44032,9216,0.0971,0.9334,3.6429
datasets/BPI_Challenge_2017.xes,last3,2000,ACF,86,18,8110,5579680,1167840,0.0022,0.0214,0.9281
datasets/BPI_Challenge_2017.xes,last5,2000,Baseline,86,18,5,860,180,0.0141,0.136,
datasets/BPI_Challenge_2017.xes,last5,2000,OHE,86,18,82,5508,1144,0.006,0.0575,
datasets/BPI_Challenge_2017.xes,last5,2000,Bigram,86,18,75,51600,10800,0.0046,0.0438,
datasets/BPI_Challenge_2017.xes,last5,2000,W2V,86,18,48,16512,3456,0.0006,0.0058,0.006
datasets/BPI_Challenge_2017.xes,last5,2000,D2V,86,18,64,22016,4608,0.0731,0.7033,479.7801
datasets/BPI_Challenge_2017.xes,last5,2000,BERT,86,18,128,44032,9216,0.1702,1.6361,11.8932
datasets/BPI_Challenge_2017.xes,last5,2000,ACF,86,18,8110,5579680,1167840,0.0062,0.0596,2.3385
datasets/BPI_Challenge_2017.xes,last10,2000,Baseline,86,18,10,1720,360,0.0067,0.0646,
datasets/BPI_Challenge_2017.xes,last10,2000,OHE,86,18,169,10668,2152,0.0045,0.0433,
datasets/BPI_Challenge_2017.xes,last10,2000,Bigram,86,18,97,66736,13968,0.0041,0.0398,
datasets/BPI_Challenge_2017.xes,last10,2000,W2V,86,18,48,16512,3456,0.0003,0.0033,0.007
datasets/BPI_Challenge_2017.xes,last10,2000,D2V,86,18,64,22016,4608,0.0561,0.5397,13.2287
datasets/BPI_Challenge_2017.xes,last10,2000,BERT,86,18,128,44032,9216,0.1103,1.061,9.5002
datasets/BPI_Challenge_2017.xes,last10,2000,ACF,86,18,8110,5579680,1167840,0.0064,0.0615,1.7002
datasets/BPI_Challenge_2017.xes,last20,2000,Baseline,86,18,20,3440,720,0.0136,0.1304,
datasets/BPI_Challenge_2017.xes,last20,2000,OHE,86,18,339,20988,4216,0.0132,0.1269,
datasets/BPI_Challenge_2017.xes,last20,2000,Bigram,86,18,120,82560,17280,0.0051,0.0493,
datasets/BPI_Challenge_2017.xes,last20,2000,W2V,86,18,48,16512,3456,0.0005,0.005,0.0076
datasets/BPI_Challenge_2017.xes,last20,2000,D2V,86,18,64,22016,4608,0.0561,0.5398,1866.6757
datasets/BPI_Challenge_2017.xes,last20,2000,BERT,86,18,128,44032,9216,0.1448,1.3919,3.6737
datasets/BPI_Challenge_2017.xes,last20,2000,ACF,86,18,8110,5579680,1167840,0.0073,0.07,1004.0551
datasets/BPI_Challenge_2017.xes,prefix,100,Baseline,117,24,100,23400,4800,0.0713,0.5056,
datasets/BPI_Challenge_2017.xes,prefix,100,OHE,117,24,1769,140872,27568,0.0469,0.3329,
datasets/BPI_Challenge_2017.xes,prefix,100,Bigram,117,24,154,144144,29568,0.0169,0.12,
datasets/BPI_Challenge_2017.xes,prefix,100,W2V,117,24,48,22464,4608,0.0007,0.0052,0.0321
datasets/BPI_Challenge_2017.xes,prefix,100,D2V,117,24,64,29952,6144,0.2398,1.7004,743.4074
datasets/BPI_Challenge_2017.xes,prefix,100,BERT,117,24,128,59904,12288,0.2433,1.7255,11.2249
datasets/BPI_Challenge_2017.xes,prefix,100,ACF,117,24,8110,7590960,1557120,0.1176,0.8338,1.4087
datasets/BPI_Challenge_2017.xes,prefix,150,Baseline,116,22,150,34800,6600,0.0586,0.4245,
datasets/BPI_Challenge_2017.xes,prefix,150,OHE,116,22,2655,209268,38060,0.0363,0.2629,
datasets/BPI_Challenge_2017.xes,prefix,150,Bigram,116,22,168,155904,29568,0.0114,0.0825,
datasets/BPI_Challenge_2017.xes,prefix,150,W2V,116,22,48,22272,4224,0.0004,0.0029,0.0425
datasets/BPI_Challenge_2017.xes,prefix,150,D2V,116,22,64,29696,5632,0.166,1.2028,12.802
datasets/BPI_Challenge_2017.xes,prefix,150,BERT,116,22,128,59392,11264,0.1135,0.8228,8.8066
datasets/BPI_Challenge_2017.xes,prefix,150,ACF,116,22,8110,7526080,1427360,0.0591,0.428,1.4672
datasets/BPI_Challenge_2017.xes,prefix,200,Baseline,116,22,200,46400,8800,0.0867,0.6282,
datasets/BPI_Challenge_2017.xes,prefix,200,OHE,116,22,3538,278868,50804,0.0537,0.3888,
datasets/BPI_Challenge_2017.xes,prefix,200,Bigram,116,22,173,160544,30448,0.0147,0.1064,
datasets/BPI_Challenge_2017.xes,prefix,200,W2V,116,22,48,22272,4224,0.0006,0.0041,0.0759
datasets/BPI_Challenge_2017.xes,prefix,200,D2V,116,22,64,29696,5632,0.2122,1.5378,970.779
datasets/BPI_Challenge_2017.xes,prefix,200,BERT,116,22,128,59392,11264,0.1554,1.1263,598.5721
datasets/BPI_Challenge_2017.xes,prefix,200,ACF,116,22,8110,7526080,1427360,0.0852,0.6174,1.1849
datasets/BPI_Challenge_2017.xes,prefix,400,Baseline,113,22,400,90400,17600,0.3002,2.2237,
datasets/BPI_Challenge_2017.xes,prefix,400,OHE,113,22,7096,542856,102224,0.1729,1.2806,
datasets/BPI_Challenge_2017.xes,prefix,400,Bigram,113,22,200,180800,35200,0.0415,0.3074,
datasets/BPI_Challenge_2017.xes,prefix,400,W2V,113,22,48,21696,4224,0.0007,0.0052,0.1028
datasets/BPI_Challenge_2017.xes,prefix,400,D2V,113,22,64,28928,5632,0.6797,5.035,15.1835
datasets/BPI_Challenge_2017.xes,prefix,400,BERT,113,22,128,57856,11264,0.2248,1.665,10.7593
datasets/BPI_Challenge_2017.xes,prefix,400,ACF,113,22,8110,7331440,1427360,0.4865,3.6039,1.6888
datasets/BPI_Challenge_2017.xes,prefix,600,Baseline,110,21,600,132000,25200,1.2555,9.5839,
datasets/BPI_Challenge_2017.xes,prefix,600,OHE,110,21,10568,792444,146260,0.4763,3.6358,
datasets/BPI_Challenge_2017.xes,prefix,600,Bigram,110,21,217,190960,36456,0.0877,0.6694,
datasets/BPI_Challenge_2017.xes,prefix,600,W2V,110,21,48,21120,4032,0.001,0.0073,0.1188
datasets/BPI_Challenge_2017.xes,prefix,600,D2V,110,21,64,28160,5376,0.9483,7.2387,54.9935
datasets/BPI_Challenge_2017.xes,prefix,600,BERT,110,21,128,56320,10752,0.1948,1.4874,3.6912
datasets/BPI_Challenge_2017.xes,prefix,600,ACF,110,21,8110,7136800,1362480,0.6459,4.9308,1.6425
datasets/BPI_Challenge_2017.xes,prefix,800,Baseline,106,21,800,169600,33600,1.1004,8.6647,
datasets/BPI_Challenge_2017.xes,prefix,800,OHE,106,21,14060,1018028,194956,0.3425,2.6965,
datasets/BPI_Challenge_2017.xes,prefix,800,Bigram,106,21,214,181472,35952,0.076,0.5982,
datasets/BPI_Challenge_2017.xes,prefix,800,W2V,106,21,48,20352,4032,0.0007,0.0058,0.1708
datasets/BPI_Challenge_2017.xes,prefix,800,D2V,106,21,64,27136,5376,1.7792,14.0094,14.9769
datasets/BPI_Challenge_2017.xes,prefix,800,BERT,106,21,128,54272,10752,0.2229,1.7551,9.5283
datasets/BPI_Challenge_2017.xes,prefix,800,ACF,106,21,8110,6877280,1362480,0.8305,6.5397,1.4381
datasets/BPI_Challenge_2017.xes,prefix,1000,Baseline,103,21,1000,206000,42000,0.5379,4.3376,
datasets/BPI_Challenge_2017.xes,prefix,1000,OHE,103,21,16963,1236416,242884,0.3884,3.1321,
datasets/BPI_Challenge_2017.xes,prefix,1000,Bigram,103,21,216,177984,36288,0.08,0.6449,
datasets/BPI_Challenge_2017.xes,prefix,1000,W2V,103,21,48,19776,4032,0.0006,0.0051,0.201
datasets/BPI_Challenge_2017.xes,prefix,1000,D2V,103,21,64,26368,5376,1.6191,13.0573,11.6072
datasets/BPI_Challenge_2017.xes,prefix,1000,BERT,103,21,128,52736,10752,0.2248,1.8131,9.7686
datasets/BPI_Challenge_2017.xes,prefix,1000,ACF,103,21,8110,6682640,1362480,1.0152,8.1871,1.7658
datasets/BPI_Challenge_2017.xes,prefix,1200,Baseline,100,21,1200,240000,50400,1001.9773,8280.8042,
datasets/BPI_Challenge_2017.xes,prefix,1200,OHE,100,21,19720,1440404,291220,0.378,3.1243,
datasets/BPI_Challenge_2017.xes,prefix,1200,Bigram,100,21,218,174400,36624,0.0702,0.5805,
datasets/BPI_Challenge_2017.xes,prefix,1200,W2V,100,21,48,19200,4032,0.0005,0.0038,0.2998
datasets/BPI_Challenge_2017.xes,prefix,1200,D2V,100,21,64,25600,5376,0.8954,7.3997,14.0659
datasets/BPI_Challenge_2017.xes,prefix,1200,BERT,100,21,128,51200,10752,0.1082,0.8944,9.0339
datasets/BPI_Challenge_2017.xes,prefix,1200,ACF,100,21,8110,6488000,1362480,0.4672,3.8609,0.756
datasets/BPI_Challenge_2017.xes,prefix,1400,Baseline,97,20,1400,271600,56000,0.9187,7.8519,
datasets/BPI_Challenge_2017.xes,prefix,1400,OHE,97,20,22886,1629992,322668,1.7172,14.6773,
datasets/BPI_Challenge_2017.xes,prefix,1400,Bigram,97,20,223,173048,35680,0.3234,2.7642,
datasets/BPI_Challenge_2017.xes,prefix,1400,W2V,97,20,48,18624,3840,0.0015,0.0126,0.2415
datasets/BPI_Challenge_2017.xes,prefix,1400,D2V,97,20,64,24832,5120,2.6737,22.8521,941.4435
datasets/BPI_Challenge_2017.xes,prefix,1400,BERT,97,20,128,49664,10240,0.83,7.0939,8.3667
datasets/BPI_Challenge_2017.xes,prefix,1400,ACF,97,20,8110,6293360,1297600,1.4248,12.1778,0.8294
datasets/BPI_Challenge_2017.xes,prefix,1500,Baseline,94,20,1500,282000,60000,0.8753,7.6779,
datasets/BPI_Challenge_2017.xes,prefix,1500,OHE,94,20,24510,1692380,345588,0.6556,5.7507,
datasets/BPI_Challenge_2017.xes,prefix,1500,Bigram,94,20,225,169200,36000,0.1773,1.5552,
datasets/BPI_Challenge_2017.xes,prefix,1500,W2V,94,20,48,18048,3840,0.0008,0.0069,0.3289
datasets/BPI_Challenge_2017.xes,prefix,1500,D2V,94,20,64,24064,5120,1.9352,16.9753,13.7573
datasets/BPI_Challenge_2017.xes,prefix,1500,BERT,94,20,128,48128,10240,0.141,1.2368,8.8431
datasets/BPI_Challenge_2017.xes,prefix,1500,ACF,94,20,8110,6098720,1297600,1.2061,10.5797,1.4968
datasets/BPI_Challenge_2017.xes,prefix,2000,Baseline,86,18,2000,344000,72000,1055.3935,10148.0143,
datasets/BPI_Challenge_2017.xes,prefix,2000,OHE,86,18,32223,2064348,412288,0.4907,4.7187,
datasets/BPI_Challenge_2017.xes,prefix,2000,Bigram,86,18,234,160992,33696,0.0803,0.7716,
datasets/BPI_Challenge_2017.xes,prefix,2000,W2V,86,18,48,16512,3456,0.0004,0.0034,0.2992
datasets/BPI_Challenge_2017.xes,prefix,2000,D2V,86,18,64,22016,4608,1.2838,12.3442,1857.7574
datasets/BPI_Challenge_2017.xes,prefix,2000,BERT,86,18,128,44032,9216,0.112,1.0765,3.4936
datasets/BPI_Challenge_2017.xes,prefix,2000,ACF,86,18,8110,5579680,1167840,0.6859,6.5949,0.8159
