dataset;strategy;length_or_k;method;accuracy;f1_score;train_size;test_size;status;grid_search_time;rf_max_depth;rf_max_features;rf_min_samples_leaf;rf_min_samples_split;rf_n_estimators
datasets/BPI_Challenge_2013_incidents.xes;prefix;10;OHE;0.708333333;0.652940221;552;144;Success;12.52565336;10;sqrt;2;5;100
datasets/BPI_Challenge_2013_incidents.xes;prefix;10;Bigram;0.708333333;0.612948216;552;144;Success;5.289003372;10;sqrt;2;2;200
datasets/BPI_Challenge_2013_incidents.xes;prefix;10;W2V;0.680555556;0.594758245;552;144;Success;5.681194782;10;sqrt;1;2;200
datasets/BPI_Challenge_2013_incidents.xes;prefix;10;D2V;0.701388889;0.60620915;552;144;Success;7.211644888;20;sqrt;2;2;100
datasets/BPI_Challenge_2013_incidents.xes;prefix;10;BERT;0.694444444;0.650261131;552;144;Success;6.839181423;10;log2;2;2;100
datasets/BPI_Challenge_2013_incidents.xes;prefix;10;ACF;0.708333333;0.609375;552;144;Success;6.227832794;10;sqrt;2;2;100
datasets/BPI_Challenge_2013_incidents.xes;prefix;20;OHE;0.743119266;0.656887986;389;109;Success;4.394882679;10;log2;2;5;200
datasets/BPI_Challenge_2013_incidents.xes;prefix;20;Bigram;0.669724771;0.617569362;389;109;Success;4.18292737;10;sqrt;1;2;100
datasets/BPI_Challenge_2013_incidents.xes;prefix;20;W2V;0.614678899;0.59709316;389;109;Success;4.116917133;10;sqrt;2;2;100
datasets/BPI_Challenge_2013_incidents.xes;prefix;20;D2V;0.623853211;0.563355177;389;109;Success;5.403666973;20;sqrt;1;5;100
datasets/BPI_Challenge_2013_incidents.xes;prefix;20;BERT;0.678899083;0.668980949;389;109;Success;6.148372173;10;log2;1;5;200
datasets/BPI_Challenge_2013_incidents.xes;prefix;20;ACF;0.660550459;0.619104155;389;109;Success;6.669973612;10;log2;2;2;100
datasets/BPI_Challenge_2013_incidents.xes;prefix;30;OHE;0.674418605;0.543281654;310;86;Success;4.29417634;10;sqrt;2;2;100
datasets/BPI_Challenge_2013_incidents.xes;prefix;30;Bigram;0.651162791;0.546954596;310;86;Success;4.696279287;10;sqrt;1;5;200
datasets/BPI_Challenge_2013_incidents.xes;prefix;30;W2V;0.674418605;0.543281654;310;86;Success;5.140554428;10;sqrt;2;2;100
datasets/BPI_Challenge_2013_incidents.xes;prefix;30;D2V;0.674418605;0.573643411;310;86;Success;5.303351164;20;log2;1;2;100
datasets/BPI_Challenge_2013_incidents.xes;prefix;30;BERT;0.697674419;0.634300697;310;86;Success;6.320277929;20;log2;2;2;200
datasets/BPI_Challenge_2013_incidents.xes;prefix;30;ACF;0.651162791;0.559782609;310;86;Success;6.351989269;20;sqrt;1;2;200
datasets/BPI_Challenge_2013_incidents.xes;prefix;40;OHE;0.689189189;0.583991381;263;74;Success;4.312369347;20;sqrt;2;5;100
datasets/BPI_Challenge_2013_incidents.xes;prefix;40;Bigram;0.662162162;0.603797718;263;74;Success;4.486332178;10;sqrt;2;5;100
datasets/BPI_Challenge_2013_incidents.xes;prefix;40;W2V;0.689189189;0.605500237;263;74;Success;4.562259436;10;log2;2;5;200
datasets/BPI_Challenge_2013_incidents.xes;prefix;40;D2V;0.662162162;0.550519751;263;74;Success;4.998460054;10;log2;2;2;100
datasets/BPI_Challenge_2013_incidents.xes;prefix;40;BERT;0.675675676;0.652359907;263;74;Success;5.595271349;10;log2;1;5;100
datasets/BPI_Challenge_2013_incidents.xes;prefix;40;ACF;0.648648649;0.61376501;263;74;Success;5.670464993;10;sqrt;1;5;100
datasets/BPI_Challenge_2013_incidents.xes;prefix;50;OHE;0.75;0.642857143;231;60;Success;4.149331808;10;log2;2;2;100
datasets/BPI_Challenge_2013_incidents.xes;prefix;50;Bigram;0.7;0.644545455;231;60;Success;4.584675789;10;sqrt;1;5;100
datasets/BPI_Challenge_2013_incidents.xes;prefix;50;W2V;0.75;0.746533839;231;60;Success;4.808550119;10;sqrt;1;2;200
datasets/BPI_Challenge_2013_incidents.xes;prefix;50;D2V;0.7;0.659375;231;60;Success;5.604254246;10;sqrt;2;5;200
datasets/BPI_Challenge_2013_incidents.xes;prefix;50;BERT;0.616666667;0.63339206;231;60;Success;6.415609837;10;sqrt;2;5;100
datasets/BPI_Challenge_2013_incidents.xes;prefix;50;ACF;0.65;0.60707331;231;60;Success;5.959877968;10;log2;2;5;100
datasets/BPI_Challenge_2013_incidents.xes;prefix;75;OHE;0.659090909;0.542324655;178;44;Success;4.035307646;10;log2;2;2;100
datasets/BPI_Challenge_2013_incidents.xes;prefix;75;Bigram;0.613636364;0.519982433;178;44;Success;4.047503233;10;sqrt;2;2;100
datasets/BPI_Challenge_2013_incidents.xes;prefix;75;W2V;0.636363636;0.494949495;178;44;Success;3.896965027;10;sqrt;2;2;100
datasets/BPI_Challenge_2013_incidents.xes;prefix;75;D2V;0.636363636;0.552746719;178;44;Success;4.400056124;10;log2;2;2;200
datasets/BPI_Challenge_2013_incidents.xes;prefix;75;BERT;0.636363636;0.572451791;178;44;Success;4.633791447;10;sqrt;2;5;100
datasets/BPI_Challenge_2013_incidents.xes;prefix;75;ACF;0.636363636;0.559358289;178;44;Success;5.052555323;10;sqrt;2;2;200
datasets/BPI_Challenge_2013_incidents.xes;prefix;100;OHE;0.75;0.642857143;138;40;Success;3.933201313;10;log2;1;2;100
datasets/BPI_Challenge_2013_incidents.xes;prefix;100;Bigram;0.7;0.617647059;138;40;Success;3.886352539;10;sqrt;2;5;100
datasets/BPI_Challenge_2013_incidents.xes;prefix;100;W2V;0.7;0.664502165;138;40;Success;3.801723719;10;sqrt;2;2;100
datasets/BPI_Challenge_2013_incidents.xes;prefix;100;D2V;0.75;0.642857143;138;40;Success;4.123672009;10;log2;2;2;200
datasets/BPI_Challenge_2013_incidents.xes;prefix;100;BERT;0.7;0.617647059;138;40;Success;4.300179243;10;sqrt;2;5;200
datasets/BPI_Challenge_2013_incidents.xes;prefix;100;ACF;0.65;0.590909091;138;40;Success;4.402389288;10;log2;2;2;100
datasets/BPI_Challenge_2013_incidents.xes;prefix;125;OHE;625;0.480769231;115;32;Success;4.227858305;10;sqrt;1;2;100
datasets/BPI_Challenge_2013_incidents.xes;prefix;125;Bigram;0.53125;0.433673469;115;32;Success;4.305143833;10;sqrt;2;2;200
datasets/BPI_Challenge_2013_incidents.xes;prefix;125;W2V;0.65625;0.574337121;115;32;Success;4.201521635;10;sqrt;1;2;100
datasets/BPI_Challenge_2013_incidents.xes;prefix;125;D2V;0.65625;0.544883578;115;32;Success;4.425802708;10;sqrt;2;2;200
datasets/BPI_Challenge_2013_incidents.xes;prefix;125;BERT;0.65625;0.572193878;115;32;Success;4.660156727;10;log2;2;5;200
datasets/BPI_Challenge_2013_incidents.xes;prefix;125;ACF;0.5625;0.482481061;115;32;Success;4.888061047;10;sqrt;2;2;100
datasets/BPI_Challenge_2013_incidents.xes;prefix;150;OHE;0.653846154;0.516994633;92;26;Success;4.524809122;10;sqrt;1;2;200
datasets/BPI_Challenge_2013_incidents.xes;prefix;150;Bigram;0.5;0.447368421;92;26;Success;4.056932211;10;sqrt;2;5;100
datasets/BPI_Challenge_2013_incidents.xes;prefix;150;W2V;0.615384615;0.550382366;92;26;Success;4.210114479;10;sqrt;1;5;100
datasets/BPI_Challenge_2013_incidents.xes;prefix;150;D2V;0.538461538;0.469428008;92;26;Success;4.489845276;10;sqrt;1;5;200
datasets/BPI_Challenge_2013_incidents.xes;prefix;150;BERT;0.538461538;0.469428008;92;26;Success;5.183224916;10;sqrt;2;2;100
datasets/BPI_Challenge_2013_incidents.xes;prefix;150;ACF;0.538461538;0.469428008;92;26;Success;4.510150671;10;sqrt;2;2;200
datasets/BPI_Challenge_2013_incidents.xes;sliding_window;10;OHE;0.695294785;0.627098404;45155;10584;Success;45.89904833;10;sqrt;2;2;200
datasets/BPI_Challenge_2013_incidents.xes;sliding_window;10;Bigram;0.679988662;0.574792287;45155;10584;Success;27.80467391;10;sqrt;2;2;100
datasets/BPI_Challenge_2013_incidents.xes;sliding_window;10;W2V;0.676681784;0.595744165;45155;10584;Success;34.81454301;10;sqrt;1;2;100
datasets/BPI_Challenge_2013_incidents.xes;sliding_window;10;D2V;0.682350718;0.587430297;45155;10584;Success;588.6021705;20;sqrt;2;5;200
datasets/BPI_Challenge_2013_incidents.xes;sliding_window;10;BERT;0.691798942;0.620958013;45155;10584;Success;299.5202479;10;sqrt;2;5;100
datasets/BPI_Challenge_2013_incidents.xes;sliding_window;10;ACF;0.670445956;0.5489311;45155;10584;Success;180.5010815;10;sqrt;1;2;100
datasets/BPI_Challenge_2013_incidents.xes;sliding_window;20;OHE;0.69443551;0.620650135;40515;9327;Success;52.41692114;20;log2;2;5;200
datasets/BPI_Challenge_2013_incidents.xes;sliding_window;20;Bigram;0.675565562;0.557244228;40515;9327;Success;29.05342865;10;sqrt;2;2;200
datasets/BPI_Challenge_2013_incidents.xes;sliding_window;20;W2V;0.675351131;0.595140718;40515;9327;Success;28.90335178;10;sqrt;1;2;100
datasets/BPI_Challenge_2013_incidents.xes;sliding_window;20;D2V;0.672777956;0.552980581;40515;9327;Success;532.1792989;20;log2;2;2;200
datasets/BPI_Challenge_2013_incidents.xes;sliding_window;20;BERT;0.682534577;0.58042499;40515;9327;Success;545.7957551;10;log2;1;5;100
datasets/BPI_Challenge_2013_incidents.xes;sliding_window;20;ACF;0.668596548;0.548983341;40515;9327;Success;174.8040342;20;sqrt;2;5;100
datasets/BPI_Challenge_2013_incidents.xes;sliding_window;30;OHE;0.690954774;0.607708922;36996;8358;Success;65.18569851;20;log2;2;2;200
datasets/BPI_Challenge_2013_incidents.xes;sliding_window;30;Bigram;0.67205073;0.551613808;36996;8358;Success;30.04560709;10;sqrt;2;2;200
datasets/BPI_Challenge_2013_incidents.xes;sliding_window;30;W2V;0.677315147;0.598718342;36996;8358;Success;24.54752827;10;sqrt;1;2;100
datasets/BPI_Challenge_2013_incidents.xes;sliding_window;30;D2V;0.669897105;0.548236831;36996;8358;Success;468.8195555;10;sqrt;1;2;200
datasets/BPI_Challenge_2013_incidents.xes;sliding_window;30;BERT;0.673965063;0.566602669;36996;8358;Success;501.5599759;10;sqrt;2;5;200
datasets/BPI_Challenge_2013_incidents.xes;sliding_window;30;ACF;0.668341709;0.548045548;36996;8358;Success;159.9695249;10;log2;1;2;200
datasets/BPI_Challenge_2013_incidents.xes;sliding_window;40;OHE;0.692675159;0.609848429;34110;7536;Success;62.84086895;20;sqrt;2;5;200
datasets/BPI_Challenge_2013_incidents.xes;sliding_window;40;Bigram;0.675159236;0.556969404;34110;7536;Success;29.01630235;10;sqrt;2;5;100
datasets/BPI_Challenge_2013_incidents.xes;sliding_window;40;W2V;0.680599788;0.604150082;34110;7536;Success;21.61288428;10;sqrt;1;2;100
datasets/BPI_Challenge_2013_incidents.xes;sliding_window;40;D2V;0.670514862;0.547421221;34110;7536;Success;402.9497807;10;log2;1;2;200
datasets/BPI_Challenge_2013_incidents.xes;sliding_window;40;BERT;0.676220807;0.573066141;34110;7536;Success;447.2964058;10;log2;1;5;100
datasets/BPI_Challenge_2013_incidents.xes;sliding_window;40;ACF;0.667860934;0.557348538;34110;7536;Success;155.1207464;10;sqrt;1;2;200
datasets/BPI_Challenge_2013_incidents.xes;sliding_window;50;OHE;0.687290238;0.582854507;31627;6853;Success;63.50264359;20;log2;2;5;200
datasets/BPI_Challenge_2013_incidents.xes;sliding_window;50;Bigram;0.67678389;0.559000162;31627;6853;Success;27.22541332;10;sqrt;2;2;100
datasets/BPI_Challenge_2013_incidents.xes;sliding_window;50;W2V;0.68262075;0.607614704;31627;6853;Success;19.98256469;10;sqrt;1;2;100
datasets/BPI_Challenge_2013_incidents.xes;sliding_window;50;D2V;0.674303225;0.555090368;31627;6853;Success;379.1789429;10;log2;2;2;200
datasets/BPI_Challenge_2013_incidents.xes;sliding_window;50;BERT;0.680140085;0.576826434;31627;6853;Success;430.7661586;10;log2;1;2;200
datasets/BPI_Challenge_2013_incidents.xes;sliding_window;50;ACF;0.673135853;0.57116514;31627;6853;Success;159.9052279;10;log2;1;2;200
datasets/BPI_Challenge_2013_incidents.xes;sliding_window;75;OHE;0.680462678;0.560693828;26548;5533;Success;72.66667366;10;sqrt;2;5;200
datasets/BPI_Challenge_2013_incidents.xes;sliding_window;75;Bigram;0.676667269;0.555172565;26548;5533;Success;27.92732477;10;sqrt;2;2;200
datasets/BPI_Challenge_2013_incidents.xes;sliding_window;75;W2V;0.677932406;0.60281336;26548;5533;Success;19.17675328;10;sqrt;1;2;100
datasets/BPI_Challenge_2013_incidents.xes;sliding_window;75;D2V;0.675221399;0.557912889;26548;5533;Success;304.560739;10;log2;2;5;200
datasets/BPI_Challenge_2013_incidents.xes;sliding_window;75;BERT;0.672691126;0.557824504;26548;5533;Success;340.5827858;10;log2;2;5;100
datasets/BPI_Challenge_2013_incidents.xes;sliding_window;75;ACF;0.66907645;0.564224073;26548;5533;Success;164.1656928;10;log2;2;2;100
datasets/BPI_Challenge_2013_incidents.xes;sliding_window;100;OHE;0.683188212;0.558508907;22605;4479;Success;65.55554628;10;sqrt;1;5;100
datasets/BPI_Challenge_2013_incidents.xes;sliding_window;100;Bigram;0.682741683;0.562347908;22605;4479;Success;23.06926465;10;sqrt;1;5;100
datasets/BPI_Challenge_2013_incidents.xes;sliding_window;100;W2V;0.682518419;0.567178876;22605;4479;Success;14.52342629;10;sqrt;1;2;100
datasets/BPI_Challenge_2013_incidents.xes;sliding_window;100;D2V;0.679392722;0.562019284;22605;4479;Success;245.6113963;10;log2;2;5;100
datasets/BPI_Challenge_2013_incidents.xes;sliding_window;100;BERT;0.676490288;0.566546567;22605;4479;Success;262.3468716;10;log2;2;2;100
datasets/BPI_Challenge_2013_incidents.xes;sliding_window;100;ACF;0.66197812;0.564211622;22605;4479;Success;158.523375;10;log2;1;5;200
datasets/BPI_Challenge_2013_incidents.xes;sliding_window;125;OHE;0.682926829;0.554259456;19398;3567;Success;64.14471602;10;log2;2;2;200
datasets/BPI_Challenge_2013_incidents.xes;sliding_window;125;Bigram;0.682646482;0.564201416;19398;3567;Success;19.90359855;10;sqrt;1;2;100
datasets/BPI_Challenge_2013_incidents.xes;sliding_window;125;W2V;0.684328567;0.568122052;19398;3567;Success;13.22313786;10;sqrt;1;2;100
datasets/BPI_Challenge_2013_incidents.xes;sliding_window;125;D2V;0.680964396;0.56443162;19398;3567;Success;192.0882912;10;log2;2;2;200
datasets/BPI_Challenge_2013_incidents.xes;sliding_window;125;BERT;0.676478834;0.563805928;19398;3567;Success;212.026232;10;sqrt;2;5;100
datasets/BPI_Challenge_2013_incidents.xes;sliding_window;125;ACF;0.677880572;0.575003369;19398;3567;Success;150.2595029;10;log2;1;5;200
datasets/BPI_Challenge_2013_incidents.xes;sliding_window;150;OHE;0.691239316;0.565043383;16765;2808;Success;58.79978657;10;log2;2;2;100
datasets/BPI_Challenge_2013_incidents.xes;sliding_window;150;Bigram;0.690883191;0.565645205;16765;2808;Success;16.38842726;10;sqrt;2;2;100
datasets/BPI_Challenge_2013_incidents.xes;sliding_window;150;W2V;0.691951567;0.580231186;16765;2808;Success;10.96051574;10;log2;2;2;100
datasets/BPI_Challenge_2013_incidents.xes;sliding_window;150;D2V;0.691595442;0.569201346;16765;2808;Success;154.7994063;10;log2;2;2;200
datasets/BPI_Challenge_2013_incidents.xes;sliding_window;150;BERT;0.686253561;0.579555048;16765;2808;Success;159.8487673;10;log2;2;5;100
datasets/BPI_Challenge_2013_incidents.xes;sliding_window;150;ACF;0.679487179;0.57546446;16765;2808;Success;127.1080401;10;sqrt;1;2;200
datasets/BPI_Challenge_2013_incidents.xes;prefix;10;Baseline;0.694444444;0.64646835;552;144;Success;13.1986537;10;sqrt;2;5;200
datasets/BPI_Challenge_2013_incidents.xes;prefix;20;Baseline;0.752293578;0.674862249;389;109;Success;4.884704113;20;sqrt;2;5;200
datasets/BPI_Challenge_2013_incidents.xes;prefix;30;Baseline;0.674418605;0.543281654;310;86;Success;4.477259398;20;sqrt;2;5;100
datasets/BPI_Challenge_2013_incidents.xes;prefix;40;Baseline;0.702702703;0.609321396;263;74;Success;4.512973309;10;log2;1;5;100
datasets/BPI_Challenge_2013_incidents.xes;prefix;50;Baseline;0.733333333;0.634615385;231;60;Success;4.4071877;20;sqrt;1;5;100
datasets/BPI_Challenge_2013_incidents.xes;prefix;75;Baseline;0.636363636;0.501920615;178;44;Success;4.570541382;20;sqrt;1;5;200
datasets/BPI_Challenge_2013_incidents.xes;prefix;100;Baseline;0.75;0.642857143;138;40;Success;4.187634468;10;sqrt;1;5;100
datasets/BPI_Challenge_2013_incidents.xes;prefix;125;Baseline;625;0.480769231;115;32;Success;4.168030262;10;sqrt;1;2;100
datasets/BPI_Challenge_2013_incidents.xes;prefix;150;Baseline;0.653846154;0.516994633;92;26;Success;5.187402725;10;log2;1;2;200
datasets/BPI_Challenge_2013_incidents.xes;sliding_window;10;Baseline;0.6968065;0.633448768;45155;10584;Success;33.08323574;10;sqrt;2;5;200
datasets/BPI_Challenge_2013_incidents.xes;sliding_window;20;Baseline;0.691219041;0.605854336;40515;9327;Success;48.92488694;10;sqrt;2;2;200
datasets/BPI_Challenge_2013_incidents.xes;sliding_window;30;Baseline;0.687724336;0.595290656;36996;8358;Success;47.60016704;10;sqrt;1;2;100
datasets/BPI_Challenge_2013_incidents.xes;sliding_window;40;Baseline;0.691746285;0.603084611;34110;7536;Success;63.10170674;20;log2;2;2;200
datasets/BPI_Challenge_2013_incidents.xes;sliding_window;50;Baseline;0.688019845;0.583046398;31627;6853;Success;66.21980953;10;sqrt;2;2;100
datasets/BPI_Challenge_2013_incidents.xes;sliding_window;75;Baseline;0.680101211;0.558395017;26548;5533;Success;54.14180112;10;sqrt;1;2;200
datasets/BPI_Challenge_2013_incidents.xes;sliding_window;100;Baseline;0.682518419;0.55760648;22605;4479;Success;50.83877754;10;sqrt;2;2;200
datasets/BPI_Challenge_2013_incidents.xes;sliding_window;125;Baseline;0.683207177;0.55491128;19398;3567;Success;47.46467543;10;sqrt;1;5;200
datasets/BPI_Challenge_2013_incidents.xes;sliding_window;150;Baseline;0.691239316;0.565043383;16765;2808;Success;46.08969545;10;log2;1;5;200
datasets/BPI_Challenge_2013_incidents.xes;last3;10;Baseline;0.6805555555555556;0.5947582453186607;552;144;Success;6.756269931793213;10;sqrt;1;2;200
datasets/BPI_Challenge_2013_incidents.xes;last3;10;OHE;0.6805555555555556;0.5947582453186607;552;144;Success;3.4159350395202637;10;sqrt;1;2;200
datasets/BPI_Challenge_2013_incidents.xes;last3;10;Bigram;0.6944444444444444;0.5922192353643967;552;144;Success;3.2810676097869873;10;sqrt;2;2;100
datasets/BPI_Challenge_2013_incidents.xes;last3;10;W2V;0.6805555555555556;0.5947582453186607;552;144;Success;4.280582904815674;10;sqrt;1;2;200
datasets/BPI_Challenge_2013_incidents.xes;last3;10;D2V;0.7013888888888888;0.6381206534044962;552;144;Success;5.506555080413818;10;log2;1;2;100
datasets/BPI_Challenge_2013_incidents.xes;last3;10;BERT;0.6805555555555556;0.5947582453186607;552;144;Success;4.410068988800049;10;sqrt;1;2;100
datasets/BPI_Challenge_2013_incidents.xes;last3;10;ACF;0.6944444444444444;0.569216757741348;552;144;Success;4.2179741859436035;10;sqrt;1;2;200
datasets/BPI_Challenge_2013_incidents.xes;last5;10;Baseline;0.7361111111111112;0.6749162577580604;552;144;Success;3.793353319168091;10;sqrt;2;2;100
datasets/BPI_Challenge_2013_incidents.xes;last5;10;OHE;0.7361111111111112;0.6749162577580604;552;144;Success;4.125594854354858;20;sqrt;2;2;100
datasets/BPI_Challenge_2013_incidents.xes;last5;10;Bigram;0.7361111111111112;0.6749162577580604;552;144;Success;3.4542481899261475;10;sqrt;2;2;100
datasets/BPI_Challenge_2013_incidents.xes;last5;10;W2V;0.6805555555555556;0.5947582453186607;552;144;Success;3.4556760787963867;10;sqrt;1;2;200
datasets/BPI_Challenge_2013_incidents.xes;last5;10;D2V;0.7083333333333334;0.6354250177779588;552;144;Success;5.649586915969849;10;log2;1;2;100
datasets/BPI_Challenge_2013_incidents.xes;last5;10;BERT;0.7013888888888888;0.6627416642707162;552;144;Success;6.95827579498291;20;log2;2;2;200
datasets/BPI_Challenge_2013_incidents.xes;last5;10;ACF;0.7083333333333334;0.599846954392409;552;144;Success;4.690581798553467;10;sqrt;1;2;100
datasets/BPI_Challenge_2013_incidents.xes;last10;10;Baseline;0.6944444444444444;0.6464683498197991;552;144;Success;3.5652761459350586;10;sqrt;2;5;200
datasets/BPI_Challenge_2013_incidents.xes;last10;10;OHE;0.7083333333333334;0.6529402209226771;552;144;Success;3.6160151958465576;10;sqrt;2;5;100
datasets/BPI_Challenge_2013_incidents.xes;last10;10;Bigram;0.7083333333333334;0.6129482161335313;552;144;Success;3.477468252182007;10;sqrt;2;2;200
datasets/BPI_Challenge_2013_incidents.xes;last10;10;W2V;0.6805555555555556;0.5947582453186607;552;144;Success;3.728811740875244;10;sqrt;1;2;200
datasets/BPI_Challenge_2013_incidents.xes;last10;10;D2V;0.7083333333333334;0.6176470588235294;552;144;Success;5.691696882247925;10;sqrt;2;2;200
datasets/BPI_Challenge_2013_incidents.xes;last10;10;BERT;0.6875;0.6585672392124005;552;144;Success;7.553798198699951;;log2;2;5;100
datasets/BPI_Challenge_2013_incidents.xes;last10;10;ACF;0.7083333333333334;0.609375;552;144;Success;4.493390083312988;10;sqrt;2;2;100
datasets/BPI_Challenge_2013_incidents.xes;last20;10;Baseline;0.6944444444444444;0.6464683498197991;552;144;Success;3.504899024963379;10;sqrt;2;5;200
datasets/BPI_Challenge_2013_incidents.xes;last20;10;OHE;0.7083333333333334;0.6529402209226771;552;144;Success;3.4899330139160156;10;sqrt;2;5;100
datasets/BPI_Challenge_2013_incidents.xes;last20;10;Bigram;0.7083333333333334;0.6129482161335313;552;144;Success;3.5191569328308105;10;sqrt;2;2;200
datasets/BPI_Challenge_2013_incidents.xes;last20;10;W2V;0.6805555555555556;0.5947582453186607;552;144;Success;3.458169937133789;10;sqrt;1;2;200
datasets/BPI_Challenge_2013_incidents.xes;last20;10;D2V;0.7083333333333334;0.6106673428849161;552;144;Success;5.307221174240112;10;log2;2;2;100
datasets/BPI_Challenge_2013_incidents.xes;last20;10;BERT;0.6944444444444444;0.6611814960438814;552;144;Success;5.377762794494629;10;log2;1;5;200
datasets/BPI_Challenge_2013_incidents.xes;last20;10;ACF;0.7083333333333334;0.609375;552;144;Success;4.425794839859009;10;sqrt;2;2;100
datasets/BPI_Challenge_2013_incidents.xes;last3;20;Baseline;0.6146788990825688;0.5970931603290687;389;109;Success;3.2014079093933105;10;sqrt;1;2;100
datasets/BPI_Challenge_2013_incidents.xes;last3;20;OHE;0.6146788990825688;0.5970931603290687;389;109;Success;3.0879318714141846;10;sqrt;2;2;100
datasets/BPI_Challenge_2013_incidents.xes;last3;20;Bigram;0.6146788990825688;0.5970931603290687;389;109;Success;3.131308078765869;10;sqrt;1;2;100
datasets/BPI_Challenge_2013_incidents.xes;last3;20;W2V;0.6146788990825688;0.5970931603290687;389;109;Success;3.1633670330047607;10;sqrt;1;2;100
datasets/BPI_Challenge_2013_incidents.xes;last3;20;D2V;0.6788990825688074;0.6186405337781485;389;109;Success;4.42043924331665;10;sqrt;2;2;100
datasets/BPI_Challenge_2013_incidents.xes;last3;20;BERT;0.6146788990825688;0.5970931603290687;389;109;Success;3.458031177520752;10;sqrt;1;2;100
datasets/BPI_Challenge_2013_incidents.xes;last3;20;ACF;0.7247706422018348;0.6176921628238586;389;109;Success;3.7556591033935547;10;sqrt;1;2;100
datasets/BPI_Challenge_2013_incidents.xes;last5;20;Baseline;0.7064220183486238;0.6739221682556815;389;109;Success;3.154153347015381;10;sqrt;2;2;100
datasets/BPI_Challenge_2013_incidents.xes;last5;20;OHE;0.7064220183486238;0.6739221682556815;389;109;Success;3.211150884628296;10;sqrt;2;2;100
datasets/BPI_Challenge_2013_incidents.xes;last5;20;Bigram;0.6788990825688074;0.6196599017699934;389;109;Success;3.3001980781555176;10;sqrt;2;2;200
datasets/BPI_Challenge_2013_incidents.xes;last5;20;W2V;0.6146788990825688;0.5970931603290687;389;109;Success;3.218101978302002;10;sqrt;1;2;100
datasets/BPI_Challenge_2013_incidents.xes;last5;20;D2V;0.7155963302752294;0.6508426116713922;389;109;Success;4.430469989776611;20;sqrt;1;2;200
datasets/BPI_Challenge_2013_incidents.xes;last5;20;BERT;0.6238532110091743;0.6177014953196363;389;109;Success;4.0104429721832275;10;sqrt;1;5;200
datasets/BPI_Challenge_2013_incidents.xes;last5;20;ACF;0.7155963302752294;0.6264187052210096;389;109;Success;3.812762975692749;10;sqrt;2;2;100
datasets/BPI_Challenge_2013_incidents.xes;last10;20;Baseline;0.6880733944954128;0.6506668722534885;389;109;Success;3.2856078147888184;20;sqrt;2;2;200
datasets/BPI_Challenge_2013_incidents.xes;last10;20;OHE;0.7247706422018348;0.6809897779299063;389;109;Success;3.282978057861328;20;log2;2;5;100
datasets/BPI_Challenge_2013_incidents.xes;last10;20;Bigram;0.7064220183486238;0.6626636313072103;389;109;Success;3.307796001434326;10;sqrt;2;2;200
datasets/BPI_Challenge_2013_incidents.xes;last10;20;W2V;0.6146788990825688;0.5970931603290687;389;109;Success;3.1843509674072266;10;sqrt;1;2;100
datasets/BPI_Challenge_2013_incidents.xes;last10;20;D2V;0.7339449541284404;0.6756118799564609;389;109;Success;4.34496283531189;10;sqrt;1;2;100
datasets/BPI_Challenge_2013_incidents.xes;last10;20;BERT;0.6972477064220184;0.6845860829443638;389;109;Success;4.669384002685547;20;sqrt;2;5;200
datasets/BPI_Challenge_2013_incidents.xes;last10;20;ACF;0.7247706422018348;0.6176921628238586;389;109;Success;4.079102277755737;10;sqrt;1;2;100
datasets/BPI_Challenge_2013_incidents.xes;last20;20;Baseline;0.7522935779816514;0.6748622485951407;389;109;Success;3.8672688007354736;20;sqrt;2;5;200
datasets/BPI_Challenge_2013_incidents.xes;last20;20;OHE;0.7339449541284404;0.6509925214862866;389;109;Success;3.631732940673828;20;log2;1;5;100
datasets/BPI_Challenge_2013_incidents.xes;last20;20;Bigram;0.6697247706422018;0.6175693616376944;389;109;Success;3.6780967712402344;20;sqrt;2;2;200
datasets/BPI_Challenge_2013_incidents.xes;last20;20;W2V;0.6146788990825688;0.5970931603290687;389;109;Success;3.5266921520233154;10;sqrt;2;2;100
datasets/BPI_Challenge_2013_incidents.xes;last20;20;D2V;0.7247706422018348;0.6471671923798235;389;109;Success;4.842853784561157;20;log2;1;2;200
datasets/BPI_Challenge_2013_incidents.xes;last20;20;BERT;0.6422018348623854;0.633132073499046;389;109;Success;4.6607959270477295;10;log2;1;5;100
datasets/BPI_Challenge_2013_incidents.xes;last20;20;ACF;0.6605504587155964;0.6191041554236373;389;109;Success;4.437353134155273;10;log2;2;2;100
datasets/BPI_Challenge_2013_incidents.xes;last3;30;Baseline;0.6744186046511628;0.5432816537467701;310;86;Success;2.9670498371124268;10;sqrt;2;2;100
datasets/BPI_Challenge_2013_incidents.xes;last3;30;OHE;0.6744186046511628;0.5432816537467701;310;86;Success;3.0741329193115234;10;sqrt;2;2;200
datasets/BPI_Challenge_2013_incidents.xes;last3;30;Bigram;0.6744186046511628;0.5432816537467701;310;86;Success;3.0384578704833984;10;sqrt;2;2;100
datasets/BPI_Challenge_2013_incidents.xes;last3;30;W2V;0.6744186046511628;0.5432816537467701;310;86;Success;3.107111930847168;10;sqrt;2;2;100
datasets/BPI_Challenge_2013_incidents.xes;last3;30;D2V;0.6744186046511628;0.5835603942095493;310;86;Success;4.0363829135894775;10;log2;2;2;200
datasets/BPI_Challenge_2013_incidents.xes;last3;30;BERT;0.6744186046511628;0.5432816537467701;310;86;Success;3.4119927883148193;10;sqrt;2;2;100
datasets/BPI_Challenge_2013_incidents.xes;last3;30;ACF;0.6744186046511628;0.5432816537467701;310;86;Success;3.506300926208496;10;sqrt;1;2;100
datasets/BPI_Challenge_2013_incidents.xes;last5;30;Baseline;0.7093023255813954;0.6641210584601037;310;86;Success;3.076536178588867;20;sqrt;2;5;100
datasets/BPI_Challenge_2013_incidents.xes;last5;30;OHE;0.7093023255813954;0.6337138572964409;310;86;Success;3.138341188430786;10;sqrt;2;5;100
datasets/BPI_Challenge_2013_incidents.xes;last5;30;Bigram;0.6976744186046512;0.6056478405315614;310;86;Success;3.266571044921875;10;sqrt;2;2;100
datasets/BPI_Challenge_2013_incidents.xes;last5;30;W2V;0.6744186046511628;0.5432816537467701;310;86;Success;3.1823172569274902;10;sqrt;2;2;100
datasets/BPI_Challenge_2013_incidents.xes;last5;30;D2V;0.6976744186046512;0.65690345741137;310;86;Success;4.055906772613525;10;log2;1;5;200
datasets/BPI_Challenge_2013_incidents.xes;last5;30;BERT;0.7093023255813954;0.6641210584601037;310;86;Success;3.732614040374756;10;log2;2;2;100
datasets/BPI_Challenge_2013_incidents.xes;last5;30;ACF;0.6627906976744186;0.5376483981135144;310;86;Success;3.5999889373779297;10;sqrt;1;2;100
datasets/BPI_Challenge_2013_incidents.xes;last10;30;Baseline;0.6744186046511628;0.5914912522597052;310;86;Success;3.200784921646118;10;sqrt;2;5;100
datasets/BPI_Challenge_2013_incidents.xes;last10;30;OHE;0.6976744186046512;0.6084717607973422;310;86;Success;3.2249650955200195;10;log2;2;5;200
datasets/BPI_Challenge_2013_incidents.xes;last10;30;Bigram;0.627906976744186;0.555266757865937;310;86;Success;3.188760995864868;10;sqrt;2;5;100
datasets/BPI_Challenge_2013_incidents.xes;last10;30;W2V;0.6744186046511628;0.5432816537467701;310;86;Success;3.147167921066284;10;sqrt;2;2;100
datasets/BPI_Challenge_2013_incidents.xes;last10;30;D2V;0.6744186046511628;0.5633984787276631;310;86;Success;4.020409107208252;10;sqrt;1;2;100
datasets/BPI_Challenge_2013_incidents.xes;last10;30;BERT;0.5930232558139535;0.5413536076326775;310;86;Success;4.357805013656616;10;log2;1;5;200
datasets/BPI_Challenge_2013_incidents.xes;last10;30;ACF;0.6511627906976745;0.5319358008516213;310;86;Success;3.8392090797424316;10;sqrt;1;5;100
datasets/BPI_Challenge_2013_incidents.xes;last20;30;Baseline;0.6627906976744186;0.5376483981135144;310;86;Success;3.2624778747558594;10;sqrt;2;5;100
datasets/BPI_Challenge_2013_incidents.xes;last20;30;OHE;0.6744186046511628;0.5432816537467701;310;86;Success;3.313978910446167;10;log2;2;5;200
datasets/BPI_Challenge_2013_incidents.xes;last20;30;Bigram;0.686046511627907;0.584630609370837;310;86;Success;3.251995801925659;10;sqrt;2;2;100
datasets/BPI_Challenge_2013_incidents.xes;last20;30;W2V;0.6744186046511628;0.5432816537467701;310;86;Success;3.132316827774048;10;sqrt;2;2;100
datasets/BPI_Challenge_2013_incidents.xes;last20;30;D2V;0.686046511627907;0.5818194670248109;310;86;Success;4.075210809707642;10;log2;1;2;200
datasets/BPI_Challenge_2013_incidents.xes;last20;30;BERT;0.6627906976744186;0.6019820010161527;310;86;Success;4.290413856506348;10;sqrt;1;5;200
datasets/BPI_Challenge_2013_incidents.xes;last20;30;ACF;0.6511627906976745;0.5905779247272516;310;86;Success;4.516787052154541;10;sqrt;2;2;200
datasets/BPI_Challenge_2013_incidents.xes;last3;40;Baseline;0.6891891891891891;0.6055002370791844;263;74;Success;3.1011910438537598;10;sqrt;2;2;100
datasets/BPI_Challenge_2013_incidents.xes;last3;40;OHE;0.6891891891891891;0.6055002370791844;263;74;Success;2.9791948795318604;10;sqrt;2;2;100
datasets/BPI_Challenge_2013_incidents.xes;last3;40;Bigram;0.6891891891891891;0.6055002370791844;263;74;Success;3.082275867462158;10;sqrt;2;2;200
datasets/BPI_Challenge_2013_incidents.xes;last3;40;W2V;0.6891891891891891;0.6055002370791844;263;74;Success;3.08953595161438;10;sqrt;2;2;100
datasets/BPI_Challenge_2013_incidents.xes;last3;40;D2V;0.6351351351351351;0.5790114438763088;263;74;Success;3.9556190967559814;10;sqrt;2;5;100
datasets/BPI_Challenge_2013_incidents.xes;last3;40;BERT;0.6891891891891891;0.6055002370791844;263;74;Success;3.85408616065979;10;sqrt;2;2;100
datasets/BPI_Challenge_2013_incidents.xes;last3;40;ACF;0.6621621621621622;0.5478743206015932;263;74;Success;4.214554786682129;10;sqrt;1;2;100
datasets/BPI_Challenge_2013_incidents.xes;last5;40;Baseline;0.6216216216216216;0.6013631804072981;263;74;Success;3.0861549377441406;10;sqrt;2;2;100
datasets/BPI_Challenge_2013_incidents.xes;last5;40;OHE;0.6216216216216216;0.597007722007722;263;74;Success;3.1253461837768555;10;sqrt;2;2;100
datasets/BPI_Challenge_2013_incidents.xes;last5;40;Bigram;0.6081081081081081;0.5887521184550888;263;74;Success;3.1081299781799316;10;sqrt;1;5;200
datasets/BPI_Challenge_2013_incidents.xes;last5;40;W2V;0.6891891891891891;0.6055002370791844;263;74;Success;3.057310104370117;10;sqrt;2;2;100
datasets/BPI_Challenge_2013_incidents.xes;last5;40;D2V;0.6081081081081081;0.5751751751751751;263;74;Success;3.8164420127868652;20;log2;1;2;100
datasets/BPI_Challenge_2013_incidents.xes;last5;40;BERT;0.6216216216216216;0.6206279809220985;263;74;Success;3.8005011081695557;10;sqrt;2;2;200
datasets/BPI_Challenge_2013_incidents.xes;last5;40;ACF;0.6081081081081081;0.5379507271399163;263;74;Success;3.9507219791412354;10;sqrt;1;5;100
datasets/BPI_Challenge_2013_incidents.xes;last10;40;Baseline;0.6621621621621622;0.5814853314853314;263;74;Success;3.1357672214508057;10;sqrt;2;5;100
datasets/BPI_Challenge_2013_incidents.xes;last10;40;OHE;0.6891891891891891;0.6017488076311606;263;74;Success;3.2179698944091797;20;log2;2;2;200
datasets/BPI_Challenge_2013_incidents.xes;last10;40;Bigram;0.581081081081081;0.5225298350298351;263;74;Success;3.163435935974121;10;sqrt;2;2;100
datasets/BPI_Challenge_2013_incidents.xes;last10;40;W2V;0.6891891891891891;0.6055002370791844;263;74;Success;3.0532422065734863;10;sqrt;2;2;100
datasets/BPI_Challenge_2013_incidents.xes;last10;40;D2V;0.6486486486486487;0.5766636733061415;263;74;Success;3.8172552585601807;10;log2;2;2;100
datasets/BPI_Challenge_2013_incidents.xes;last10;40;BERT;0.6216216216216216;0.583725927762625;263;74;Success;4.1566221714019775;10;log2;2;2;100
datasets/BPI_Challenge_2013_incidents.xes;last10;40;ACF;0.5945945945945946;0.5164177335229967;263;74;Success;3.8039989471435547;10;sqrt;1;2;100
datasets/BPI_Challenge_2013_incidents.xes;last20;40;Baseline;0.7027027027027027;0.61978928080623;263;74;Success;3.247068166732788;20;sqrt;2;5;200
datasets/BPI_Challenge_2013_incidents.xes;last20;40;OHE;0.6756756756756757;0.5572385910500665;263;74;Success;3.2097628116607666;10;log2;1;2;100
datasets/BPI_Challenge_2013_incidents.xes;last20;40;Bigram;0.6486486486486487;0.5939392569827352;263;74;Success;3.2307288646698;10;sqrt;2;5;200
datasets/BPI_Challenge_2013_incidents.xes;last20;40;W2V;0.6891891891891891;0.6055002370791844;263;74;Success;3.0648200511932373;10;sqrt;2;2;100
datasets/BPI_Challenge_2013_incidents.xes;last20;40;D2V;0.6621621621621622;0.5275763568446495;263;74;Success;4.078979969024658;10;log2;2;5;200
datasets/BPI_Challenge_2013_incidents.xes;last20;40;BERT;0.6486486486486487;0.5802647587949626;263;74;Success;3.984593152999878;20;sqrt;2;5;200
datasets/BPI_Challenge_2013_incidents.xes;last20;40;ACF;0.6216216216216216;0.5390038868299738;263;74;Success;4.076397895812988;10;sqrt;1;2;200
datasets/BPI_Challenge_2013_incidents.xes;last3;50;Baseline;0.7333333333333333;0.7215222732118852;231;60;Success;2.958996057510376;10;sqrt;2;2;100
datasets/BPI_Challenge_2013_incidents.xes;last3;50;OHE;0.7333333333333333;0.7215222732118852;231;60;Success;3.0227739810943604;10;sqrt;2;2;200
datasets/BPI_Challenge_2013_incidents.xes;last3;50;Bigram;0.75;0.7465338393421885;231;60;Success;3.0216689109802246;10;sqrt;1;5;100
datasets/BPI_Challenge_2013_incidents.xes;last3;50;W2V;0.75;0.7465338393421885;231;60;Success;3.106426954269409;10;sqrt;2;2;200
datasets/BPI_Challenge_2013_incidents.xes;last3;50;D2V;0.7166666666666667;0.6739897668469098;231;60;Success;3.7235031127929688;10;sqrt;2;5;100
datasets/BPI_Challenge_2013_incidents.xes;last3;50;BERT;0.75;0.7465338393421885;231;60;Success;3.2900540828704834;10;sqrt;2;2;100
datasets/BPI_Challenge_2013_incidents.xes;last3;50;ACF;0.7666666666666667;0.6782051282051282;231;60;Success;3.35101580619812;10;sqrt;1;2;100
datasets/BPI_Challenge_2013_incidents.xes;last5;50;Baseline;0.75;0.7665024630541872;231;60;Success;3.0702929496765137;10;sqrt;1;2;200
datasets/BPI_Challenge_2013_incidents.xes;last5;50;OHE;0.75;0.7665024630541872;231;60;Success;3.066275119781494;10;sqrt;1;2;200
datasets/BPI_Challenge_2013_incidents.xes;last5;50;Bigram;0.6833333333333333;0.6771520146520146;231;60;Success;3.0828418731689453;10;sqrt;1;5;100
datasets/BPI_Challenge_2013_incidents.xes;last5;50;W2V;0.75;0.7465338393421885;231;60;Success;3.117774248123169;10;sqrt;2;5;200
datasets/BPI_Challenge_2013_incidents.xes;last5;50;D2V;0.7166666666666667;0.665530303030303;231;60;Success;3.7928361892700195;10;log2;1;5;200
datasets/BPI_Challenge_2013_incidents.xes;last5;50;BERT;0.7666666666666667;0.7788383838383839;231;60;Success;3.644896984100342;10;log2;2;2;200
datasets/BPI_Challenge_2013_incidents.xes;last5;50;ACF;0.7666666666666667;0.6782051282051282;231;60;Success;3.588740110397339;10;sqrt;1;2;200
datasets/BPI_Challenge_2013_incidents.xes;last10;50;Baseline;0.7666666666666667;0.7210942760942761;231;60;Success;3.2212610244750977;20;sqrt;2;5;200
datasets/BPI_Challenge_2013_incidents.xes;last10;50;OHE;0.7666666666666667;0.7210942760942761;231;60;Success;3.1330959796905518;10;log2;2;5;100
datasets/BPI_Challenge_2013_incidents.xes;last10;50;Bigram;0.7166666666666667;0.6693602693602695;231;60;Success;3.1219570636749268;10;sqrt;2;2;100
datasets/BPI_Challenge_2013_incidents.xes;last10;50;W2V;0.75;0.7465338393421885;231;60;Success;3.1167922019958496;10;sqrt;2;2;200
datasets/BPI_Challenge_2013_incidents.xes;last10;50;D2V;0.7;0.6589115646258503;231;60;Success;3.8552157878875732;10;sqrt;2;2;100
datasets/BPI_Challenge_2013_incidents.xes;last10;50;BERT;0.6833333333333333;0.6949242424242424;231;60;Success;3.9111499786376953;10;sqrt;2;5;200
datasets/BPI_Challenge_2013_incidents.xes;last10;50;ACF;0.6833333333333333;0.6569005847953217;231;60;Success;3.760596990585327;10;sqrt;2;2;200
datasets/BPI_Challenge_2013_incidents.xes;last20;50;Baseline;0.7333333333333333;0.6565953654188947;231;60;Success;3.1412689685821533;10;sqrt;2;2;100
datasets/BPI_Challenge_2013_incidents.xes;last20;50;OHE;0.7666666666666667;0.7357346357346357;231;60;Success;3.1491262912750244;10;sqrt;1;5;100
datasets/BPI_Challenge_2013_incidents.xes;last20;50;Bigram;0.7166666666666667;0.6699752628324057;231;60;Success;3.1496169567108154;10;sqrt;2;5;100
datasets/BPI_Challenge_2013_incidents.xes;last20;50;W2V;0.75;0.7465338393421885;231;60;Success;3.1415979862213135;10;log2;2;2;200
datasets/BPI_Challenge_2013_incidents.xes;last20;50;D2V;0.7166666666666667;0.6496883021635498;231;60;Success;3.670546054840088;10;sqrt;2;2;100
datasets/BPI_Challenge_2013_incidents.xes;last20;50;BERT;0.6833333333333333;0.6943573667711598;231;60;Success;3.8150739669799805;10;sqrt;1;5;100
datasets/BPI_Challenge_2013_incidents.xes;last20;50;ACF;0.65;0.6253216374269006;231;60;Success;4.03736686706543;10;log2;1;5;200
datasets/BPI_Challenge_2013_incidents.xes;last3;75;Baseline;0.6363636363636364;0.494949494949495;178;44;Success;2.9228670597076416;10;sqrt;2;2;200
datasets/BPI_Challenge_2013_incidents.xes;last3;75;OHE;0.6363636363636364;0.494949494949495;178;44;Success;2.8630080223083496;10;sqrt;2;2;100
datasets/BPI_Challenge_2013_incidents.xes;last3;75;Bigram;0.6363636363636364;0.494949494949495;178;44;Success;2.9264183044433594;10;sqrt;2;2;100
datasets/BPI_Challenge_2013_incidents.xes;last3;75;W2V;0.6363636363636364;0.494949494949495;178;44;Success;2.967772960662842;10;sqrt;2;5;100
datasets/BPI_Challenge_2013_incidents.xes;last3;75;D2V;0.6363636363636364;0.5240641711229946;178;44;Success;3.355940818786621;20;log2;2;5;100
datasets/BPI_Challenge_2013_incidents.xes;last3;75;BERT;0.6136363636363636;0.4839948783610755;178;44;Success;3.6626667976379395;10;sqrt;2;2;200
datasets/BPI_Challenge_2013_incidents.xes;last3;75;ACF;0.6136363636363636;0.4839948783610755;178;44;Success;4.630616188049316;10;sqrt;1;2;100
datasets/BPI_Challenge_2013_incidents.xes;last5;75;Baseline;0.7045454545454546;0.6539057533375715;178;44;Success;2.9028921127319336;10;sqrt;2;2;100
datasets/BPI_Challenge_2013_incidents.xes;last5;75;OHE;0.7045454545454546;0.6158021083394218;178;44;Success;2.917433738708496;20;sqrt;2;5;100
datasets/BPI_Challenge_2013_incidents.xes;last5;75;Bigram;0.6590909090909091;0.5423246550007114;178;44;Success;3.0372190475463867;10;sqrt;2;2;100
datasets/BPI_Challenge_2013_incidents.xes;last5;75;W2V;0.6363636363636364;0.494949494949495;178;44;Success;3.0812549591064453;10;log2;2;2;100
datasets/BPI_Challenge_2013_incidents.xes;last5;75;D2V;0.5909090909090909;0.5080676898858717;178;44;Success;3.4237060546875;10;sqrt;2;2;100
datasets/BPI_Challenge_2013_incidents.xes;last5;75;BERT;0.7272727272727273;0.703030303030303;178;44;Success;3.3865699768066406;10;sqrt;2;5;100
datasets/BPI_Challenge_2013_incidents.xes;last5;75;ACF;0.5681818181818182;0.46113306982872204;178;44;Success;3.364053964614868;10;sqrt;1;2;100
datasets/BPI_Challenge_2013_incidents.xes;last10;75;Baseline;0.6590909090909091;0.5641394178943586;178;44;Success;3.0036869049072266;10;sqrt;1;5;100
datasets/BPI_Challenge_2013_incidents.xes;last10;75;OHE;0.6590909090909091;0.5747913921826966;178;44;Success;3.048781156539917;10;sqrt;1;5;200
datasets/BPI_Challenge_2013_incidents.xes;last10;75;Bigram;0.6363636363636364;0.5600157418339236;178;44;Success;3.0648069381713867;10;sqrt;2;2;200
datasets/BPI_Challenge_2013_incidents.xes;last10;75;W2V;0.6363636363636364;0.494949494949495;178;44;Success;3.0176758766174316;10;sqrt;2;2;100
datasets/BPI_Challenge_2013_incidents.xes;last10;75;D2V;0.5909090909090909;0.5009722897423432;178;44;Success;3.477570056915283;10;sqrt;2;5;200
datasets/BPI_Challenge_2013_incidents.xes;last10;75;BERT;0.6818181818181818;0.652276700572155;178;44;Success;3.567234992980957;10;log2;1;5;200
datasets/BPI_Challenge_2013_incidents.xes;last10;75;ACF;0.5681818181818182;0.5165945165945165;178;44;Success;3.45403790473938;10;sqrt;1;2;100
datasets/BPI_Challenge_2013_incidents.xes;last20;75;Baseline;0.6363636363636364;0.5384277558190602;178;44;Success;3.091252326965332;10;sqrt;1;2;100
datasets/BPI_Challenge_2013_incidents.xes;last20;75;OHE;0.6136363636363636;0.49090909090909096;178;44;Success;3.153303861618042;20;sqrt;2;5;200
datasets/BPI_Challenge_2013_incidents.xes;last20;75;Bigram;0.6136363636363636;0.4839948783610755;178;44;Success;3.133868932723999;20;sqrt;2;2;200
datasets/BPI_Challenge_2013_incidents.xes;last20;75;W2V;0.6363636363636364;0.494949494949495;178;44;Success;3.0029478073120117;10;log2;2;2;100
datasets/BPI_Challenge_2013_incidents.xes;last20;75;D2V;0.6363636363636364;0.5527467185221195;178;44;Success;3.4610888957977295;10;log2;1;5;200
datasets/BPI_Challenge_2013_incidents.xes;last20;75;BERT;0.6136363636363636;0.5241971958389869;178;44;Success;3.697600841522217;20;sqrt;1;5;200
datasets/BPI_Challenge_2013_incidents.xes;last20;75;ACF;0.5681818181818182;0.474898236092266;178;44;Success;3.687124013900757;10;log2;2;5;200
datasets/BPI_Challenge_2013_incidents.xes;last3;100;Baseline;725;0.6782670454545455;138;40;Success;2.8085477352142334;10;sqrt;2;2;100
datasets/BPI_Challenge_2013_incidents.xes;last3;100;OHE;725;0.6782670454545455;138;40;Success;2.807514190673828;10;sqrt;2;2;100
datasets/BPI_Challenge_2013_incidents.xes;last3;100;Bigram;725;0.6782670454545455;138;40;Success;2.8813090324401855;10;sqrt;2;2;100
datasets/BPI_Challenge_2013_incidents.xes;last3;100;W2V;0.7;0.6645021645021645;138;40;Success;2.981889009475708;10;sqrt;2;2;100
datasets/BPI_Challenge_2013_incidents.xes;last3;100;D2V;675;0.6044776119402985;138;40;Success;3.271277904510498;10;log2;2;5;200
datasets/BPI_Challenge_2013_incidents.xes;last3;100;BERT;0.65;0.6454545454545455;138;40;Success;3.0841569900512695;10;sqrt;1;2;100
datasets/BPI_Challenge_2013_incidents.xes;last3;100;ACF;0.75;0.6428571428571428;138;40;Success;3.1396031379699707;10;sqrt;2;2;100
datasets/BPI_Challenge_2013_incidents.xes;last5;100;Baseline;775;0.7146464646464646;138;40;Success;2.9165523052215576;10;sqrt;2;2;200
datasets/BPI_Challenge_2013_incidents.xes;last5;100;OHE;775;0.7146464646464646;138;40;Success;2.9199728965759277;10;sqrt;2;2;100
datasets/BPI_Challenge_2013_incidents.xes;last5;100;Bigram;0.75;0.6428571428571428;138;40;Success;2.911590099334717;10;sqrt;2;2;100
datasets/BPI_Challenge_2013_incidents.xes;last5;100;W2V;725;0.6782670454545455;138;40;Success;3.140042781829834;10;sqrt;2;2;100
datasets/BPI_Challenge_2013_incidents.xes;last5;100;D2V;0.65;0.5909090909090909;138;40;Success;3.373035192489624;10;sqrt;2;5;100
datasets/BPI_Challenge_2013_incidents.xes;last5;100;BERT;775;0.7475198412698412;138;40;Success;3.2279486656188965;10;log2;2;5;100
datasets/BPI_Challenge_2013_incidents.xes;last5;100;ACF;675;0.6369047619047619;138;40;Success;3.2422590255737305;10;sqrt;1;5;100
datasets/BPI_Challenge_2013_incidents.xes;last10;100;Baseline;0.75;0.7118055555555556;138;40;Success;2.9204890727996826;10;sqrt;1;5;100
datasets/BPI_Challenge_2013_incidents.xes;last10;100;OHE;725;0.6928571428571428;138;40;Success;3.0246050357818604;20;sqrt;1;5;200
datasets/BPI_Challenge_2013_incidents.xes;last10;100;Bigram;725;0.6397058823529411;138;40;Success;2.9266669750213623;10;sqrt;2;2;100
datasets/BPI_Challenge_2013_incidents.xes;last10;100;W2V;0.65;0.6454545454545455;138;40;Success;2.9176409244537354;10;sqrt;2;2;100
datasets/BPI_Challenge_2013_incidents.xes;last10;100;D2V;725;0.6304347826086956;138;40;Success;3.3156280517578125;10;log2;2;5;200
datasets/BPI_Challenge_2013_incidents.xes;last10;100;BERT;0.7;0.6647435897435898;138;40;Success;3.6397838592529297;10;log2;2;2;200
datasets/BPI_Challenge_2013_incidents.xes;last10;100;ACF;725;0.6641414141414141;138;40;Success;3.527913808822632;10;sqrt;1;2;200
datasets/BPI_Challenge_2013_incidents.xes;last20;100;Baseline;675;0.640625;138;40;Success;2.9888460636138916;10;sqrt;1;2;100
datasets/BPI_Challenge_2013_incidents.xes;last20;100;OHE;0.7;0.671875;138;40;Success;2.949727773666382;20;sqrt;1;5;100
datasets/BPI_Challenge_2013_incidents.xes;last20;100;Bigram;725;0.6304347826086956;138;40;Success;3.008039951324463;20;sqrt;2;2;100
datasets/BPI_Challenge_2013_incidents.xes;last20;100;W2V;625;0.6302003081664098;138;40;Success;2.9296860694885254;10;sqrt;2;2;100
datasets/BPI_Challenge_2013_incidents.xes;last20;100;D2V;0.7;0.626865671641791;138;40;Success;3.2425711154937744;10;log2;1;2;100
datasets/BPI_Challenge_2013_incidents.xes;last20;100;BERT;0.7;0.6587912087912088;138;40;Success;3.375770092010498;10;sqrt;1;5;200
datasets/BPI_Challenge_2013_incidents.xes;last20;100;ACF;0.65;0.6;138;40;Success;3.4897029399871826;10;log2;2;2;200
datasets/BPI_Challenge_2013_incidents.xes;last3;125;Baseline;0.6875;0.5977040816326531;115;32;Success;2.8114490509033203;10;sqrt;1;2;100
datasets/BPI_Challenge_2013_incidents.xes;last3;125;OHE;0.65625;0.5743371212121212;115;32;Success;2.83161997795105;10;sqrt;1;2;100
datasets/BPI_Challenge_2013_incidents.xes;last3;125;Bigram;0.6875;0.5977040816326531;115;32;Success;2.856105089187622;10;sqrt;1;2;100
datasets/BPI_Challenge_2013_incidents.xes;last3;125;W2V;0.65625;0.5743371212121212;115;32;Success;2.972047805786133;10;sqrt;2;2;200
datasets/BPI_Challenge_2013_incidents.xes;last3;125;D2V;0.71875;0.6595096371882087;115;32;Success;3.212887763977051;10;log2;2;5;200
datasets/BPI_Challenge_2013_incidents.xes;last3;125;BERT;0.65625;0.5743371212121212;115;32;Success;3.043174982070923;10;sqrt;1;2;100
datasets/BPI_Challenge_2013_incidents.xes;last3;125;ACF;625;0.4807692307692308;115;32;Success;3.0444788932800293;10;sqrt;2;2;100
datasets/BPI_Challenge_2013_incidents.xes;last5;125;Baseline;625;0.5385416666666666;115;32;Success;2.9434640407562256;10;sqrt;2;2;100
datasets/BPI_Challenge_2013_incidents.xes;last5;125;OHE;0.65625;0.5588151927437641;115;32;Success;2.8075170516967773;10;sqrt;2;2;100
datasets/BPI_Challenge_2013_incidents.xes;last5;125;Bigram;0.5625;0.5017292490118577;115;32;Success;2.912808895111084;10;sqrt;1;2;200
datasets/BPI_Challenge_2013_incidents.xes;last5;125;W2V;0.65625;0.5743371212121212;115;32;Success;2.944523811340332;10;sqrt;2;2;200
datasets/BPI_Challenge_2013_incidents.xes;last5;125;D2V;625;0.5582688588007737;115;32;Success;3.198673963546753;10;log2;2;2;200
datasets/BPI_Challenge_2013_incidents.xes;last5;125;BERT;0.59375;0.5224734042553191;115;32;Success;3.1194539070129395;10;log2;1;2;100
datasets/BPI_Challenge_2013_incidents.xes;last5;125;ACF;0.65625;0.5900919732441472;115;32;Success;3.1561989784240723;10;sqrt;1;2;100
datasets/BPI_Challenge_2013_incidents.xes;last10;125;Baseline;0.6875;0.5977040816326531;115;32;Success;3.0329787731170654;10;sqrt;2;5;200
datasets/BPI_Challenge_2013_incidents.xes;last10;125;OHE;0.65625;0.5486111111111112;115;32;Success;2.884956121444702;10;log2;2;2;100
datasets/BPI_Challenge_2013_incidents.xes;last10;125;Bigram;0.59375;0.46568627450980393;115;32;Success;2.9198389053344727;10;sqrt;2;2;100
datasets/BPI_Challenge_2013_incidents.xes;last10;125;W2V;0.65625;0.5743371212121212;115;32;Success;3.0538198947906494;10;sqrt;2;2;200
datasets/BPI_Challenge_2013_incidents.xes;last10;125;D2V;0.59375;0.5138711734693877;115;32;Success;3.2036139965057373;10;log2;2;5;200
datasets/BPI_Challenge_2013_incidents.xes;last10;125;BERT;0.65625;0.5743371212121212;115;32;Success;3.2725770473480225;10;sqrt;2;5;200
datasets/BPI_Challenge_2013_incidents.xes;last10;125;ACF;0.5;0.4564393939393939;115;32;Success;3.3150079250335693;10;sqrt;1;5;200
datasets/BPI_Challenge_2013_incidents.xes;last20;125;Baseline;0.65625;0.5486111111111112;115;32;Success;2.9285850524902344;10;sqrt;2;2;100
datasets/BPI_Challenge_2013_incidents.xes;last20;125;OHE;0.65625;0.5448835784313726;115;32;Success;2.9536828994750977;10;sqrt;2;2;200
datasets/BPI_Challenge_2013_incidents.xes;last20;125;Bigram;625;0.5284438775510204;115;32;Success;2.9713008403778076;10;sqrt;2;5;100
datasets/BPI_Challenge_2013_incidents.xes;last20;125;W2V;0.65625;0.5743371212121212;115;32;Success;2.933253049850464;10;sqrt;1;2;100
datasets/BPI_Challenge_2013_incidents.xes;last20;125;D2V;0.59375;0.5077947845804989;115;32;Success;3.198699712753296;10;log2;2;2;200
datasets/BPI_Challenge_2013_incidents.xes;last20;125;BERT;0.65625;0.5743371212121212;115;32;Success;3.4333481788635254;10;sqrt;2;5;100
datasets/BPI_Challenge_2013_incidents.xes;last20;125;ACF;0.46875;0.44523809523809527;115;32;Success;3.4387221336364746;10;sqrt;2;5;100
datasets/BPI_Challenge_2013_incidents.xes;last3;150;Baseline;0.6153846153846154;0.5503823661718399;92;26;Success;2.7914340496063232;10;sqrt;2;2;100
datasets/BPI_Challenge_2013_incidents.xes;last3;150;OHE;0.6153846153846154;0.5503823661718399;92;26;Success;2.836514949798584;10;sqrt;1;5;100
datasets/BPI_Challenge_2013_incidents.xes;last3;150;Bigram;0.6153846153846154;0.5503823661718399;92;26;Success;3.322626829147339;10;sqrt;2;2;100
datasets/BPI_Challenge_2013_incidents.xes;last3;150;W2V;0.6153846153846154;0.5503823661718399;92;26;Success;3.0565431118011475;10;log2;1;5;100
datasets/BPI_Challenge_2013_incidents.xes;last3;150;D2V;0.5384615384615384;0.48178137651821856;92;26;Success;3.396027088165283;10;log2;1;2;200
datasets/BPI_Challenge_2013_incidents.xes;last3;150;BERT;0.6153846153846154;0.5503823661718399;92;26;Success;3.2338011264801025;10;sqrt;2;2;200
datasets/BPI_Challenge_2013_incidents.xes;last3;150;ACF;0.6153846153846154;0.5103189493433397;92;26;Success;3.1041018962860107;10;sqrt;2;2;100
datasets/BPI_Challenge_2013_incidents.xes;last5;150;Baseline;0.5769230769230769;0.5255717255717256;92;26;Success;2.8313748836517334;10;sqrt;2;2;100
datasets/BPI_Challenge_2013_incidents.xes;last5;150;OHE;0.6153846153846154;0.5503823661718399;92;26;Success;2.8909108638763428;10;sqrt;2;5;200
datasets/BPI_Challenge_2013_incidents.xes;last5;150;Bigram;0.6538461538461539;0.5422138836772983;92;26;Success;2.905189275741577;10;sqrt;2;2;200
datasets/BPI_Challenge_2013_incidents.xes;last5;150;W2V;0.6153846153846154;0.5503823661718399;92;26;Success;2.919463872909546;10;sqrt;2;5;100
datasets/BPI_Challenge_2013_incidents.xes;last5;150;D2V;0.46153846153846156;0.42411642411642414;92;26;Success;3.062546968460083;10;log2;1;5;100
datasets/BPI_Challenge_2013_incidents.xes;last5;150;BERT;0.5769230769230769;0.5473372781065089;92;26;Success;3.1614129543304443;10;sqrt;2;2;200
datasets/BPI_Challenge_2013_incidents.xes;last5;150;ACF;0.5769230769230769;0.5161943319838056;92;26;Success;3.140079975128174;10;sqrt;2;2;100
datasets/BPI_Challenge_2013_incidents.xes;last10;150;Baseline;0.5769230769230769;0.49038461538461536;92;26;Success;2.991488218307495;10;sqrt;2;2;200
datasets/BPI_Challenge_2013_incidents.xes;last10;150;OHE;0.5769230769230769;0.49038461538461536;92;26;Success;3.0441269874572754;20;log2;1;5;200
datasets/BPI_Challenge_2013_incidents.xes;last10;150;Bigram;0.5769230769230769;0.49038461538461536;92;26;Success;2.9807791709899902;10;sqrt;2;2;200
datasets/BPI_Challenge_2013_incidents.xes;last10;150;W2V;0.6153846153846154;0.5503823661718399;92;26;Success;2.90040922164917;10;sqrt;1;5;100
datasets/BPI_Challenge_2013_incidents.xes;last10;150;D2V;0.6538461538461539;0.516994633273703;92;26;Success;3.1152827739715576;10;log2;1;5;100
datasets/BPI_Challenge_2013_incidents.xes;last10;150;BERT;0.6153846153846154;0.5579036348267118;92;26;Success;3.191134214401245;10;sqrt;1;5;200
datasets/BPI_Challenge_2013_incidents.xes;last10;150;ACF;0.46153846153846156;0.47619047619047616;92;26;Success;3.195791006088257;10;sqrt;1;2;100
datasets/BPI_Challenge_2013_incidents.xes;last20;150;Baseline;0.6153846153846154;0.5103189493433397;92;26;Success;2.936612844467163;10;sqrt;2;2;200
datasets/BPI_Challenge_2013_incidents.xes;last20;150;OHE;0.6153846153846154;0.5103189493433397;92;26;Success;2.969543933868408;10;log2;2;5;200
datasets/BPI_Challenge_2013_incidents.xes;last20;150;Bigram;0.5384615384615384;0.497920997920998;92;26;Success;2.9520070552825928;10;sqrt;2;5;200
datasets/BPI_Challenge_2013_incidents.xes;last20;150;W2V;0.6153846153846154;0.5503823661718399;92;26;Success;2.8858182430267334;10;sqrt;1;5;100
datasets/BPI_Challenge_2013_incidents.xes;last20;150;D2V;0.6153846153846154;0.4981684981684982;92;26;Success;3.0713531970977783;10;sqrt;2;2;100
datasets/BPI_Challenge_2013_incidents.xes;last20;150;BERT;0.6923076923076923;0.6572199730094467;92;26;Success;3.1339588165283203;10;log2;1;5;100
datasets/BPI_Challenge_2013_incidents.xes;last20;150;ACF;0.5;0.4704142011834319;92;26;Success;3.2254419326782227;10;log2;2;5;100